aircraft_id,aircraft_registration,aircraft_iata
1,B-16723,B77W
2,B-18053,B77W
3,TC-LJJ,B77W
4,N964AV,A20N
5,JA794A,B77W
6,XA-MFN,B38M
7,JA05WJ,A35K
8,HL7621,A388
9,F-GSPF,B772
10,HP-1825CMP,B738
11,B-LQA,A359
12,A7-AMH,A359
13,N689TA,A320
14,RP-C3508,A359
15,N489MC,B744
16,9H-VDC,A333
17,N980AV,A320
18,HL7415,B744
19,HP-1727CMP,B738
20,N743AV,A320
21,N901AV,A20N
22,N2043J,A21N
23,9Y-JAM,B38M
24,N648JB,A320
25,N806JB,A320
26,N2039J,A21N
27,N316SE,B38M
28,N565JB,A320
29,N630NK,A320
30,N2038J,A21N
31,C-FUJE,E75S
32,N935NK,A20N
33,N4083J,A21N
34,N930AV,A20N
35,N393FR,A20N
36,N361NW,A320
37,N76532,B738
38,N736YX,E75L
39,N561UW,A321
40,N112AN,A321
41,N919DU,B739
42,N117AN,A321
43,N966AN,B738
44,N947JB,A321
45,N878DN,B739
46,N8731J,B38M
47,N886DN,B739
48,N925NK,A20N
49,N904NN,B738
50,N967JT,A321
51,N424YX,E75L
52,N477AV,A320
53,N598JB,A320
54,N8682B,B738
55,N944NN,B738
56,N613FR,A21N
57,N8696E,B738
58,N936NN,B738
59,N907JB,A321
60,N7727A,B737
61,N965NK,A20N
62,N587JB,A320
63,N793JB,A320
64,N334SM,B38M
65,N328TC,B38M
66,N3241J,BCS3
67,N956JT,A321
68,C-FEKS,E75S
69,N531JL,A320
70,N8819L,B38M
71,N232FR,A320
72,N3112J,BCS3
73,N950JT,A321
74,N794JB,A320
75,HK-5361,A20N
76,N111US,A320
77,N312DN,A321
78,N976JT,A321
79,N3761R,B738
80,N586AS,B738
81,N910NN,B738
82,N117DX,A321
83,N7889A,B737
84,N127DN,A321
85,N661JB,A320
86,N376DA,B738
87,N190DN,B763
88,N988NN,B738
89,N379DN,A321
90,N110AN,A321
91,N540DE,A21N
92,N584DN,A21N
93,N292PQ,CRJ9
94,N122DN,A321
95,N608JB,A320
96,N344NW,A320
97,N618JB,A320
98,9Y-GUY,B38M
99,N580DT,A21N
100,N6701,B752
101,N172DN,B763
102,N917DU,B739
103,N942NN,B738
104,N837MH,B764
105,N349NW,A320
106,N8535S,B738
107,N76529,B738
108,N964AN,B738
109,N338ST,B38M
110,N923JB,A321
111,N8910Q,B38M
112,N3195J,BCS3
113,N5007E,A319
114,N3104J,BCS3
115,XA-DAE,B38M
116,N630JB,A320
117,N112DN,A321
118,N8879Q,B38M
119,N336TM,B38M
120,N834JB,A320
121,N26208,B738
122,N3755D,B738
123,N971JT,A321
124,N585JB,A320
125,N576DN,A21N
126,N427UA,A320
127,N913JB,A321
128,N308TB,B38M
129,N989NN,B738
130,N3767,B738
131,N910AN,B738
132,N8031M,A319
133,N536JB,A320
134,N109NN,A321
135,N3115J,BCS3
136,N961AN,B738
137,N977JE,A321
138,G-VIIK,B772
139,N127DU,BCS1
140,N108DQ,BCS1
141,N9019F,A319
142,N428YX,E75L
143,N319DN,A321
144,N528DE,A21N
145,N920XJ,CRJ9
146,N651JB,A320
147,N603FR,A21N
148,N917XJ,CRJ9
149,N122HQ,E75S
150,N139DU,BCS1
151,N145DQ,BCS1
152,N704FR,A321
153,N993JE,A321
154,N921NN,B738
155,N378DA,B738
156,N836NN,B738
157,N563JB,A320
158,N3203J,BCS3
159,N381DZ,A321
160,N536DN,A21N
161,N371DN,A321
162,N519DT,A21N
163,N504DZ,A21N
164,N521DT,A21N
165,N921DU,B739
166,HP-1827CMP,B738
167,G-VJAZ,A339
168,N842NN,B738
169,N705JB,A320
170,N3142J,BCS3
171,N205JQ,E75S
172,N903JB,A321
173,N668NK,A321
174,N9029F,A319
175,N3062J,BCS3
176,N430YX,E75L
177,N405YX,E75S
178,N503DZ,A21N
179,N910XJ,CRJ9
180,N4076J,A21N
181,N125HQ,E75S
182,N659JB,A320
183,C-GKOD,A320
184,N120DU,BCS1
185,N480PX,CRJ9
186,N119DU,BCS1
187,N333DX,A321
188,N3132J,BCS3
189,N942AN,B738
190,N865NN,B738
191,N968NK,A20N
192,N884NN,B738
193,N310RF,B38M
194,N3145J,BCS3
195,N113AN,A321
196,N690NK,A320
197,N438YX,E75L
198,N657JB,A320
199,N401YX,E75L
200,N644JB,A320
201,N2044J,A21N
202,N345DN,A321
203,N180DN,B763
204,N880RW,E170
205,N127HQ,E75L
206,N8853Q,B38M
207,N966JT,A321
208,N696DL,B752
209,B-LXG,A35K
210,N879RW,E170
211,B-18773,B77L
212,N428UA,A320
213,N2029J,A21N
214,N253AK,B739
215,N429YX,E75L
216,N548AS,B738
217,N702GT,B77L
218,N482PX,CRJ9
219,N213JQ,E75S
220,N579DT,A21N
221,N6708D,B752
222,N337NB,A319
223,N3138J,BCS3
224,N823MD,E170
225,N875DN,B739
226,N209JQ,E75S
227,C-FEKJ,E75S
228,N2165J,A21N
229,N3118J,BCS3
230,N715JB,A320
231,N533DT,A21N
232,OO-ACE,B744
233,N964NK,A20N
234,N522DA,A21N
235,N925XJ,CRJ9
236,N919XJ,CRJ9
237,N491PX,CRJ9
238,N2047J,A21N
239,N3023J,BCS3
240,N886NN,B738
241,N8713M,B38M
242,N629NK,A320
243,N242JQ,E75S
244,N215JQ,E75S
245,N3194J,BCS3
246,N836AA,B789
247,N224JQ,E75S
248,N841DN,B739
249,N653FR,A21N
250,N846NN,B738
251,N935JB,A321
252,N3229J,BCS3
253,N860RW,E170
254,N171DN,B763
255,C-FJQZ,CRJ9
256,N640JB,A320
257,N16065,B763
258,C-FXJC,E75S
259,N111DC,A321
260,N392HA,A332
261,N324PQ,CRJ9
262,N655JB,A320
263,N3221J,BCS3
264,N413YX,E75L
265,N606JB,A320
266,N798AN,B772
267,N84307,E75L
268,N24729,B737
269,N934JB,A321
270,N367DN,A321
271,N8618N,B738
272,N490PX,CRJ9
273,N975JT,A321
274,N416YX,E75L
275,N593JB,A320
276,N818MD,E170
277,N826AW,A319
278,N561JB,A320
279,C-FKJZ,CRJ9
280,N320DU,BCS3
281,N185DN,B763
282,N376DN,A321
283,N537JT,A320
284,N2084J,A21N
285,N944JT,A321
286,N645JB,A320
287,N342PM,B738
288,A7-BEH,B77W
289,N279JB,E190
290,N559JB,A320
291,N904DN,B739
292,N620NK,A320
293,N342RX,B38M
294,N415YX,E75L
295,N8560Z,B738
296,N2169J,A21N
297,N648FR,A21N
298,N952JB,A321
299,N722FR,A321
300,N814AW,A319
301,N121DZ,A321
302,N101NN,A321
303,HZ-AK43,B77W
304,N236JQ,E75L
305,N101DU,BCS1
306,N2105J,A21N
307,N638FR,A21N
308,N108HQ,E75S
309,N244JQ,E75S
310,N923DZ,B739
311,VT-JRB,A359
312,N810MD,E170
313,N946NN,B738
314,N390DA,B738
315,N545DE,A21N
316,N3758Y,B738
317,N558JB,A320
318,N893NN,B738
319,N374DX,A321
320,N327DN,A321
321,N301PQ,CRJ9
322,N8559Q,B738
323,N294WN,B737
324,N301SY,E75L
325,N937XJ,CRJ9
326,N8823Q,B38M
327,N314DN,A321
328,N422YX,E75L
329,N204BZ,BCS3
330,N431YX,E75L
331,N126HQ,E75S
332,VT-AER,B77W
333,N559AS,B738
334,N517DN,A21N
335,N987AN,B738
336,N922XJ,CRJ9
337,C-FUJA,E75S
338,N514DE,A21N
339,N710AL,B39M
340,N914XJ,CRJ9
341,N115DU,BCS1
342,HL8252,B77L
343,N320DN,A321
344,N828JB,A320
345,N796JB,A320
346,N852SY,B738
347,N913DU,B739
348,N905XJ,CRJ9
349,N204JQ,E75S
350,N834DN,B739
351,N375R,C402
352,N8584Z,B738
353,N122DU,BCS1
354,N263SY,E75L
355,N279PQ,CRJ9
356,N882RW,E170
357,N206JQ,E75S
358,N964JT,A321
359,N103HQ,E75S
360,N112HQ,E75S
361,N129DU,BCS1
362,N294PQ,CRJ9
363,HL8382,A359
364,N7734H,B737
365,N624JB,A320
366,N114HQ,E75S
367,N308SY,E75L
368,N332DN,A321
369,N656JB,A320
370,N3065J,BCS3
371,N214JQ,E75S
372,A6-EUE,A388
373,N583JB,A320
374,HL7633,B748
375,N658JB,A320
376,N807AW,A319
377,N120HQ,E75S
378,N870NN,B738
379,N957NN,B738
380,N390DN,A321
381,N378FR,A20N
382,N485PX,CRJ9
383,N815MD,E170
384,N3125J,BCS3
385,N3185J,BCS3
386,N974NK,A20N
387,N315SY,E75L
388,CC-CXC,B763
389,N339NB,A319
390,N8890Q,B38M
391,JA04WJ,A35K
392,N613NK,A320
393,N296SY,E75L
394,N4077J,A21N
395,N893DN,B739
396,N182GJ,CRJ9
397,N313PQ,CRJ9
398,SU-GDR,B77W
399,N8649A,B738
400,N38479,B739
401,N963AK,B39M
402,N134HQ,E75S
403,N228JQ,E75S
404,N313SB,B38M
405,N973JT,A321
406,N140DU,BCS1
407,N171DZ,B763
408,N803DN,B739
409,N281JB,E190
410,N361DN,A321
411,N307TA,B38M
412,C-FEJD,E75S
413,N427YX,E75L
414,N365DN,A321
415,N662JB,A320
416,N906XJ,CRJ9
417,N821DN,B739
418,N612JB,A320
419,N979NK,A20N
420,N609FR,A21N
421,5Y-KZB,B788
422,N527JL,A320
423,JA785A,B77W
424,N915XJ,CRJ9
425,4X-ERA,B788
426,N8627B,B738
427,N775JB,A320
428,N445YX,E75L
429,N66825,B739
430,N3734B,B738
431,N3232J,BCS3
432,N8775Q,B38M
433,N218JQ,E75S
434,N123UW,A320
435,N774YX,E75L
436,N968AN,B738
437,N657AW,A320
438,N313SY,E75L
439,XA-VIR,A20N
440,N8517F,B738
441,HP-9931CMP,B39M
442,N821JB,A320
443,N8653A,B738
444,N945NN,B738
445,N121HQ,E75S
446,N861RW,E170
447,XA-DHN,B789
448,N306DN,A321
449,N655FR,A21N
450,N535DN,A21N
451,N311DU,BCS3
452,N175DN,B763
453,N77525,B738
454,N431GT,B744
455,N370NW,A320
456,N138EV,CRJ9
457,N857RW,E170
458,N137HQ,E75S
459,N396DN,A321
460,N920NK,A20N
461,B-KPQ,B77W
462,N126DU,BCS1
463,B-2005,B77W
464,N501DA,A21N
465,N765AV,A20N
466,C-GVDQ,BCS3
467,N577DN,A21N
468,N103NN,A321
469,N3759,B738
470,N621JB,A320
471,N8778Q,B38M
472,N749YX,E75L
473,N625FR,A21N
474,N523DE,A21N
475,N132HQ,E75S
476,N388DA,B738
477,N989JT,A321
478,N867DN,B739
479,N395FR,A20N
480,N2157J,A21N
481,N943AN,B738
482,N9017P,A319
483,N212JQ,E75S
484,N605JB,A320
485,N980JT,A321
486,N8837Q,B38M
487,N238JQ,E75S
488,D-AIHU,A346
489,N73276,B738
490,N516DA,A21N
491,N270AK,B739
492,N651NK,A320
493,N928XJ,CRJ9
494,N970NK,A20N
495,N254WN,B737
496,C-GUAC,BCS3
497,N341NB,A319
498,N852NW,A332
499,N934XJ,CRJ9
500,N563AS,B738
501,EC-LYF,A333
502,N105NN,A321
503,N76517,B738
504,N931AK,B39M
505,N192DN,B763
506,N525DA,A21N
507,N146PQ,CRJ9
508,N408YX,E75S
509,F-GSQH,B77W
510,N401DZ,A339
511,HB-JHB,A333
512,N8617E,B738
513,EI-TYC,A339
514,N368NW,A320
515,N928AN,B738
516,XA-DAH,B38M
517,N8889Q,B38M
518,N219YX,E75S
519,EI-EAV,A333
520,N8546V,B738
521,N822AW,A319
522,N128HQ,E75S
523,N404DX,A339
524,9K-AOJ,B77W
525,4X-EDJ,B789
526,N172DZ,B763
527,N521JB,A320
528,N221JQ,E75S
529,N879BH,B788
530,N372FR,A20N
531,N27260,B38M
532,VH-ZNI,B789
533,N537DT,A21N
534,N107NN,A321
535,N741CK,B744
536,N179DN,B763
537,N423YX,E75L
538,N534AS,B738
539,N335SN,B38M
540,LN-RKU,A333
541,F-HUVD,A359
542,CC-BGP,B789
543,N828MH,B764
544,N644FR,A21N
545,EC-LXK,A333
546,N336PQ,CRJ9
547,N375NC,A320
548,N198DN,B763
549,N2188J,A21N
550,N4062J,A21N
551,N243BZ,BCS3
552,C-FRQN,E75S
553,B-2077,B77L
554,B-16783,B77L
555,N959AN,B738
556,N8932Q,B38M
557,N329JB,E190
558,N184GJ,CRJ9
559,N437UA,A320
560,PH-BQB,B772
561,C-FFYG,E75S
562,N3139J,BCS3
563,D-AIXA,A359
564,N824MD,E170
565,N766AN,B772
566,N8844Q,B38M
567,N992AN,B738
568,N508DA,A21N
569,N350DN,A321
570,N292AK,B739
571,N7747C,B737
572,N552JB,A320
573,CC-BBH,B788
574,G-VIID,B772
575,N8755L,B38M
576,N418DX,A339
577,N429DX,A339
578,G-STBB,B77W
579,N834AA,B789
580,N529JB,A320
581,F-GSQC,B77W
582,G-VDOT,A35K
583,EI-LRD,A21N
584,N992JB,A321
585,N585UW,A321
586,N307PQ,CRJ9
587,C-GUWJ,B737
588,C-FEIQ,E75S
589,N105DX,A321
590,N807AA,B788
591,N784AN,B772
592,G-VWAG,A333
593,N114DU,BCS1
594,N826MH,B764
595,N829NW,A333
596,G-VTEA,A35K
597,N2142J,A21N
598,N809NN,B738
599,N186DN,B763
600,G-EILA,A333
601,N89308,E75L
602,N256SY,E75L
603,N323DN,A321
604,G-STBP,B77W
605,N402YX,E75S
606,N430DX,A339
607,N933NK,A20N
608,N304PQ,CRJ9
609,N710UW,A319
610,N412DX,A339
611,N976AN,B738
612,TF-ISN,B763
613,N3215J,BCS3
614,N581DA,A21N
615,N317DU,BCS3
616,CN-RGX,B789
617,HB-JHC,A333
618,N1605,B763
619,G-VIIL,B772
620,N3771K,B738
621,N175DZ,B763
622,N955JB,A321
623,N855NW,A332
624,N844MH,B764
625,N733UW,A319
626,N682NK,A321
627,N196DN,B763
628,N230JQ,E75S
629,N8691A,B738
630,N235BZ,BCS3
631,N828AA,B789
632,C-GOJZ,CRJ9
633,N536AS,B738
634,N8564Z,B738
635,N8813Q,B38M
636,N838MH,B764
637,9V-SWK,B77W
638,N730AN,B77W
639,G-VIIA,B772
640,N344FR,A20N
641,G-VRNB,A35K
642,N633JB,A320
643,EI-EIM,A333
644,N676NK,A321
645,N839MH,B764
646,N853NW,A332
647,N116HQ,E75S
648,HB-JHE,A333
649,EC-MSY,A332
650,ET-AUO,B789
651,N266JB,E190
652,TC-JJN,B77W
653,N188DN,B763
654,N334FR,A20N
655,EI-IFA,A359
656,N4058J,A21N
657,N570JB,A320
658,F-GZNB,B77W
659,CS-TSM,A20N
660,N524DE,A21N
661,PH-BQL,B772
662,G-ZBLI,B78X
663,A7-BEW,B77W
664,N520DE,A21N
665,N403DX,A339
666,EI-LRE,A21N
667,EC-MIH,B788
668,N8612K,B738
669,N509DT,A21N
670,N4080J,A21N
671,CS-TXE,A21N
672,A6-BLC,B789
673,N729AN,B77W
674,N579JB,A320
675,N199DN,B763
676,N829MH,B764
677,N4073J,A21N
678,9V-SGB,A359
679,A6-EOB,A388
680,N793AN,B772
681,N8554X,B738
682,N706JB,A320
683,G-VINE,A333
684,N625JB,A320
685,N620FR,A21N
686,D-AIFE,A343
687,OH-LTU,A333
688,N778AN,B772
689,CC-CXI,B763
690,N568JB,A320
691,N841MH,B764
692,G-VIIB,B772
693,A6-EDZ,A388
694,N789JB,A320
695,F-GSQF,B77W
696,N635FR,A21N
697,N800AV,B788
698,B-LJE,B748
699,4X-EDI,B789
700,D-AALH,B77L
701,B-16720,B77W
702,9Y-BAR,B38M
703,HL7622,A388
704,JA787A,B77W
705,B-2480,B748
706,N963AV,A20N
707,XA-DAI,B38M
708,HP-1822CMP,B738
709,JA01WJ,A35K
710,F-GSPY,B772
711,A7-AMF,A359
712,B-LRI,A359
713,N686TA,A320
714,HK-5319,A320
715,N742AV,A320
716,XA-VRS,A20N
717,N779AV,A20N
718,TC-LJB,B77W
719,N487MC,B744
720,HK-5318,A320
721,N8834L,B38M
722,N627NK,A320
723,HK-5273,A320
724,N391FR,A20N
725,N987NK,A20N
726,N4064J,A21N
727,N384FR,A20N
728,N841NN,B738
729,N990NK,A20N
730,N35271,B738
731,N927DZ,B739
732,N8580Z,B738
733,N879DN,B739
734,N970AN,B738
735,N801NN,B738
736,N111ZM,A321
737,N131NN,A321
738,HL8076,B77L
739,N354NW,A320
740,N8906K,B38M
741,N8851Q,B38M
742,N396FR,A20N
743,N927NN,B738
744,N236WN,B737
745,N417YX,E75L
746,N339TP,B38M
747,N981NK,A20N
748,N233FR,A320
749,N8568Z,B738
750,N306SP,B38M
751,N635JB,A320
752,N3169J,BCS3
753,N3760C,B738
754,N387DN,A321
755,N3240J,BCS3
756,N973NN,B738
757,N356TX,B38M
758,N648NK,A320
759,N954NN,B738
760,N241JQ,E75S
761,N805AK,B38M
762,N972AN,B738
763,N335NW,A320
764,N108UW,A320
765,N106NN,A321
766,N907XJ,CRJ9
767,N852DN,B739
768,N8922Q,B38M
769,N193DN,B763
770,N8685B,B738
771,N37273,B738
772,N175FE,B763
773,N385DN,B738
774,N930AN,B738
775,N325US,A320
776,N825MH,B764
777,N78511,B738
778,N712JB,A320
779,N9023N,A319
780,N9006,A319
781,N303RG,B38M
782,N8743K,B38M
783,XA-DAP,B38M
784,N435UA,A320
785,N128DU,BCS1
786,N819NN,B738
787,N945JT,A321
788,N994JL,A321
789,N356UP,B763
790,N419YX,E75L
791,N973AN,B738
792,N961JT,A321
793,N134DU,BCS1
794,N102HQ,E75S
795,N303DN,A321
796,G-VIIF,B772
797,N918XJ,CRJ9
798,B-18772,B77L
799,N622FR,A21N
800,N544DN,A21N
801,N329DN,A321
802,N665NK,A321
803,N665JB,A320
804,HP-1851CMP,B738
805,G-VTOM,A339
806,N109DU,BCS1
807,N9012,A319
808,N109HQ,E75S
809,N913XJ,CRJ9
810,N303PQ,CRJ9
811,N689DL,B752
812,N546DN,A21N
813,B-LXD,A35K
814,N812NN,B738
815,N369DN,A321
816,N439YX,E75L
817,N632JB,A320
818,N8824Q,B38M
819,N104HQ,E75S
820,VP-CIX,B38M
821,N817UA,A319
822,N912XJ,CRJ9
823,N264AK,B739
824,N957JB,A321
825,N355NB,A319
826,N6712B,B752
827,N2086J,A21N
828,N461FX,GLF4
829,N494AS,B739
830,N8846Q,B38M
831,N216JQ,E75S
832,N3247J,BCS3
833,N3152J,BCS3
834,N889NN,B738
835,N965AV,A20N
836,N478WN,B737
837,N830AN,B789
838,N871NN,B738
839,N239JQ,E75S
840,N237JQ,E75S
841,N906NK,A20N
842,N956NK,A20N
843,C-FEJC,E75S
844,N878RW,E170
845,C-GJZS,CRJ9
846,N207JQ,E75S
847,N433YX,E75L
848,N794AN,B772
849,N336UP,B763
850,N8677A,B738
851,N37470,B739
852,N301FR,A20N
853,N201JQ,E75S
854,N408WN,B737
855,N147PQ,CRJ9
856,N83329,E75L
857,CN-RAM,B789
858,N114DN,A321
859,N822NN,B738
860,A7-BEJ,B77W
861,N479PX,CRJ9
862,N8923Q,B38M
863,HL8226,B77L
864,N323JB,E190
865,N981JT,A321
866,N892DN,B739
867,N812AW,A319
868,N1200K,B763
869,N108NN,A321
870,N231JQ,E75S
871,N3762Y,B738
872,N979NN,B738
873,N629FR,A21N
874,N977NN,B738
875,N397DN,A321
876,N518DQ,A21N
877,N119DN,A321
878,N8845L,B38M
879,N325PQ,CRJ9
880,VT-JRI,A359
881,N335DN,A321
882,N845DN,B739
883,N211JQ,E75S
884,N406YX,E75S
885,N232PQ,CRJ9
886,N111NG,BCS1
887,N3773D,B738
888,A6-EVF,A388
889,N601NK,A320
890,HZ-AK41,B77W
891,N305NX,B738
892,N135HQ,E75S
893,N317SY,E75L
894,N712FR,A321
895,N8866H,B38M
896,N949AK,B39M
897,N908AN,B738
898,N370FR,A20N
899,N615FR,A21N
900,N368DN,A321
901,N816SY,B738
902,N8614M,B738
903,N113DX,A321
904,HL7771,A359
905,VT-AEP,B77W
906,N295PQ,CRJ9
907,N784JB,A320
908,N605LR,CRJ9
909,N130HQ,E75S
910,N8887Q,B38M
911,N410YX,E75S
912,N233JQ,E75S
913,N3157J,BCS3
914,N483AS,B739
915,N322DN,A321
916,N383UP,B763
917,N703JB,A320
918,N17356,B38M
919,N810AW,A319
920,N227JQ,E75L
921,N934AN,B738
922,N253SY,E75L
923,N304DN,A321
924,N916XJ,CRJ9
925,N957NK,A20N
926,N302NB,A319
927,UK78706,B788
928,N434YX,E75L
929,JA797A,B77W
930,N8885Q,B38M
931,N250SY,E75L
932,N908XJ,CRJ9
933,N339JB,E190
934,N326SJ,B38M
935,N825DN,B739
936,SU-GDP,B77W
937,N506JB,A320
938,HL7636,B748
939,XA-MAT,B38M
940,9Y-GRN,B38M
941,N987JT,A321
942,N134EV,CRJ9
943,N380UP,B763
944,N653NK,A320
945,C-FRQW,E75S
946,N919NK,A20N
947,N137BZ,E195
948,5Y-KZD,B788
949,N347NW,A320
950,N708JB,A320
951,N580JB,A320
952,N389DA,B738
953,N8904L,B38M
954,B-KPX,B77W
955,N8329B,B738
956,A6-APH,A388
957,N109UW,A320
958,N728YX,E75L
959,N1603,B763
960,N610CZ,E75S
961,N324SY,E75L
962,N87527,B738
963,N8541W,B738
964,N746JB,A320
965,HP-9915CMP,B39M
966,N730YX,E75L
967,N726AV,A319
968,N420YX,E75L
969,N8913S,B38M
970,N941AN,B738
971,YU-ARC,A332
972,N202JQ,E75S
973,XA-ADH,B789
974,N547JB,A320
975,N3149J,BCS3
976,N8874Q,B38M
977,N706FR,A321
978,N316DN,A321
979,N176PQ,CRJ9
980,N597JB,A320
981,TC-JOA,A333
982,N921XJ,CRJ9
983,N351NW,A320
984,N600FX,E550
985,N510JB,A320
986,C-FEJL,E75S
987,N411YX,E75S
988,N2180J,A21N
989,N272PQ,CRJ9
990,D-AIHI,A346
991,N807JB,A320
992,N380FR,A20N
993,N391DA,B738
994,N8544Z,B738
995,N402AS,B739
996,C-FDUW,BCS3
997,N8877Q,B38M
998,N355DN,A321
999,N243JQ,E75S
1000,N984NN,B738
1001,N356DN,A321
1002,N643NK,A320
1003,N3753,B738
1004,N487AS,B739
1005,N76508,B738
1006,D-ANRN,A339
1007,N936XJ,CRJ9
1008,N8605E,B738
1009,N839AW,A319
1010,N77530,B738
1011,N952NN,B738
1012,F-GSQI,B77W
1013,N237AK,B739
1014,N415DX,A339
1015,N26215,B738
1016,N330TJ,B38M
1017,N318SF,B38M
1018,EI-NEO,B789
1019,N208JQ,E75S
1020,N343NW,A320
1021,N8303R,B738
1022,N8633A,B738
1023,N985NK,A20N
1024,EI-TYB,A339
1025,C-FEJY,E75S
1026,N823AW,A319
1027,N504JB,A320
1028,N177DN,B763
1029,N27268,B38M
1030,VH-ZNN,B789
1031,N407YX,E75S
1032,N339SU,B38M
1033,N847NN,B738
1034,N385DZ,A321
1035,N8881L,B38M
1036,CC-BGC,B789
1037,F-HUVG,A359
1038,N817AN,B788
1039,N928AK,B39M
1040,D-AIVB,A359
1041,N229JQ,E75S
1042,N110JS,B38M
1043,N210JQ,E75S
1044,N974AN,B738
1045,PH-BKA,B78X
1046,N376NW,A320
1047,LN-RKT,A333
1048,N424DX,A339
1049,N111HQ,E75S
1050,N8661A,B738
1051,N137DU,BCS1
1052,N322SY,E75L
1053,OE-LAY,B763
1054,N782AN,B772
1055,N8664J,B738
1056,N534JB,A320
1057,N267AK,B739
1058,N882UA,A319
1059,EI-LRH,A21N
1060,N315PQ,CRJ9
1061,OO-SFB,A333
1062,C-GFJZ,CRJ9
1063,N563WN,B737
1064,F-GZNC,B77W
1065,N935NN,B738
1066,N802NW,A333
1067,N8566Z,B738
1068,N8771D,B38M
1069,N1201P,B763
1070,N591JB,A320
1071,CC-BGN,B789
1072,N89317,E75L
1073,N228PQ,CRJ9
1074,N138HQ,E75S
1075,N969JT,A321
1076,N839AA,B789
1077,C-FXMS,B738
1078,N208BZ,BCS3
1079,N226JQ,E75S
1080,ZK-NZN,B789
1081,TF-FIO,B752
1082,N12028,A319
1083,N348PQ,CRJ9
1084,N476WN,B737
1085,N364DX,A321
1086,G-VPOP,A35K
1087,HB-JHG,A333
1088,N277SY,E75L
1089,N104DN,A321
1090,N929AN,B738
1091,N404YX,E75S
1092,N742PS,A319
1093,N352DN,A321
1094,N768US,A319
1095,N585DN,A21N
1096,N1604R,B763
1097,N263AK,B739
1098,N321DU,BCS3
1099,N347DN,A321
1100,N965JT,A321
1101,N8756S,B38M
1102,N245JQ,E75L
1103,CN-RGY,B789
1104,N735AT,B77W
1105,9V-SWL,B77W
1106,N8523W,B738
1107,N543DE,A21N
1108,N427DX,A339
1109,N225JQ,E75S
1110,G-VIIJ,B772
1111,4X-EDD,B789
1112,N426YX,E75L
1113,G-VIIN,B772
1114,N284JB,E190
1115,EI-DUO,A332
1116,EC-LZJ,A333
1117,JY-BAH,B788
1118,N187DN,B763
1119,EI-IFB,A359
1120,N637FR,A21N
1121,CS-TSG,A21N
1122,N173DZ,B763
1123,C-FDJZ,CRJ9
1124,A7-BEQ,B77W
1125,N405KZ,B744
1126,N407KZ,B744
1127,G-ZBLK,B78X
1128,TC-LJI,B77W
1129,PH-BKF,B78X
1130,N8527Q,B738
1131,EI-LRB,A21N
1132,N267FE,B763
1133,N8820L,B38M
1134,N626FR,A21N
1135,A6-BLB,B789
1136,N827JB,A320
1137,N765AN,B772
1138,N653JB,A320
1139,CS-TXH,A21N
1140,N667NK,A321
1141,N4022J,A21N
1142,9V-SGG,A359
1143,ET-AYC,B789
1144,N110DX,A321
1145,N845MH,B764
1146,G-VJAM,A35K
1147,A6-EOA,A388
1148,N169UP,A306
1149,OH-LTN,A333
1150,N128FE,B763
1151,N786AN,B772
1152,CC-CXG,B763
1153,N332UP,B763
1154,A6-EEM,A388
1155,N188FE,B763
1156,N371FR,A20N
1157,G-STBM,B77W
1158,N799AV,B788
1159,F-GZNE,B77W
1160,N709FR,A321
1161,N776AV,A20N
1162,LN-FNB,B789
1163,B-18006,B77W
1164,N755AV,A320
1165,LN-FNL,B789
1166,LN-FNC,B789
1167,HL7627,A388
1168,JA06WJ,A35K
1169,JA795A,B77W
1170,XXB,B38M
1171,F-GSPL,B772
1172,TC-LJH,B77W
1173,HP-1832CMP,B738
1174,LX-VCE,B748
1175,A7-AME,A359
1176,B-LRV,A359
1177,N821AV,A320
1178,N345AV,A320
1179,N519VL,A320
1180,N961AV,A320
1181,XXB,A333
1182,N592JB,A320
1183,9Y-TTO,B38M
1184,N654NK,A320
1185,N7854B,B737
1186,N973NK,A20N
1187,N358FR,A20N
1188,N523UW,A321
1189,N963NN,B738
1190,N805JB,A320
1191,N992AV,A320
1192,N903DN,B739
1193,N8637A,B738
1194,N116AN,A321
1195,N104NN,A321
1196,N8873S,B38M
1197,N8764Q,B38M
1198,N359FR,A20N
1199,N17320,B38M
1200,N251AZ,B763
1201,N8548P,B738
1202,G-DHLE,B763
1203,N378SC,B38M
1204,N266WN,B737
1205,N931NN,B738
1206,N357TY,B38M
1207,N3744F,B738
1208,N384DN,A321
1209,N615NK,A320
1210,N881NN,B738
1211,N960NN,B738
1212,N679AW,A320
1213,HL8046,B77L
1214,N232JQ,E75S
1215,N857DZ,B739
1216,N582DN,A21N
1217,N372NW,A320
1218,N9018E,A319
1219,N27246,B738
1220,N124HQ,E75S
1221,B-18771,B77L
1222,N8908Q,B38M
1223,N173AM,B38M
1224,N8567Z,B738
1225,N79541,B738
1226,N440UA,A320
1227,N867NN,B738
1228,N8607M,B738
1229,N118DU,BCS1
1230,N958AN,B738
1231,N121UP,A306
1232,N103DY,A321
1233,N348TU,B38M
1234,N956NN,B738
1235,N744P,A319
1236,N342NB,A319
1237,N435YX,E75L
1238,N527DE,A21N
1239,N982JB,A321
1240,N944AN,B738
1241,N172FE,B763
1242,N191DN,B763
1243,N605FR,A21N
1244,N515DE,A21N
1245,N868NN,B738
1246,N195DN,B763
1247,HP-1833CMP,B738
1248,N9010R,A319
1249,N113DQ,BCS1
1250,N955NK,A20N
1251,N178DN,B763
1252,N115HQ,E75S
1253,N320PQ,CRJ9
1254,N301NW,B738
1255,C-GMZN,BCS3
1256,N875NN,B738
1257,B-LXO,A35K
1258,N2151J,A21N
1259,N372DN,A321
1260,N8572X,B738
1261,N267JB,E190
1262,4K-BBH,B748
1263,N311PQ,CRJ9
1264,N831UA,A319
1265,N284AK,B739
1266,N8758L,B38M
1267,N224AK,B739
1268,N246JQ,E75S
1269,N905NK,A20N
1270,N305DN,A321
1271,N916NK,A20N
1272,N658FR,A21N
1273,N339DN,A321
1274,N230WN,B737
1275,N992NN,B738
1276,N3244J,BCS3
1277,N6715C,B752
1278,N344PP,B738
1279,C-FCJZ,CRJ9
1280,N234JQ,E75S
1281,N926XJ,CRJ9
1282,N988JT,A321
1283,N8558Z,B738
1284,N87353,E75L
1285,A7-BEP,B77W
1286,N370HA,A332
1287,C-FRQM,E75S
1288,N946JL,A321
1289,N590JB,A320
1290,N314PD,B738
1291,N274JB,E190
1292,N8702L,B38M
1293,N813AW,A319
1294,N697NK,A320
1295,N720FR,A321
1296,N979AN,B738
1297,N656FR,A21N
1298,A6-EUI,A388
1299,N301DV,A321
1300,N8931L,B38M
1301,N280WN,B737
1302,N137EV,CRJ9
1303,N326DN,A321
1304,N8754S,B38M
1305,N869DN,B739
1306,N985NN,B738
1307,N3077J,BCS3
1308,N408AS,B739
1309,N846SY,B738
1310,N314RH,B38M
1311,N462AS,B739
1312,C-FEKH,E75S
1313,VT-AEN,B77W
1314,N8865L,B38M
1315,N380DA,B738
1316,N902DN,B739
1317,N131HQ,E75S
1318,N319PQ,CRJ9
1319,N388DN,A321
1320,HZ-AK40,B77W
1321,N695CA,CRJ9
1322,N27252,B38M
1323,N343DN,A321
1324,N564JB,A320
1325,HL7637,B748
1326,N228WN,B737
1327,N321NB,A319
1328,N982NN,B738
1329,N8852Q,B38M
1330,N636NK,A320
1331,C-FJBO,E75S
1332,CC-CXF,B763
1333,N440YX,E75L
1334,N972NK,A20N
1335,N6879R,C402
1336,N716AL,B39M
1337,JA796A,B77W
1338,N169DZ,B763
1339,N324JB,E190
1340,N369NB,A319
1341,N915CA,P212
1342,SU-GDO,B77W
1343,XA-MJI,B38M
1344,OO-ACF,B744
1345,N8641B,B738
1346,N837DN,B739
1347,N517JB,A320
1348,B-1566,B789
1349,C-FRQK,E75S
1350,N641JB,A320
1351,A6-API,A388
1352,B-KPI,B77W
1353,N809JB,A320
1354,N136HQ,E75S
1355,N37298,B738
1356,N8786Q,B38M
1357,XA-VIX,A20N
1358,N329NW,A320
1359,5Y-KZH,B788
1360,N8608N,B738
1361,N739YX,E75L
1362,HK-5353,A20N
1363,JY-BAE,B788
1364,N241SY,E75L
1365,N125UW,A320
1366,N8709Q,B38M
1367,N912AN,B738
1368,HP-9930CMP,B39M
1369,N1804U,B38M
1370,N132DU,BCS1
1371,N770YX,E75L
1372,N451PA,B744
1373,N101HQ,E75S
1374,N145BZ,E195
1375,N432YX,E75L
1376,N202TW,PC12
1377,N342DN,A321
1378,N183AM,B789
1379,N357DN,A321
1380,N17314,B38M
1381,N922NK,A20N
1382,N8829Q,B38M
1383,N315PE,B738
1384,N4074J,A21N
1385,N333NB,A319
1386,N806AK,B38M
1387,N943NN,B738
1388,D-AIHV,A346
1389,N285AK,B739
1390,N809UA,A319
1391,N8916Q,B38M
1392,N420DX,A339
1393,N634NK,A320
1394,N974AK,B39M
1395,N73275,B738
1396,N8782Q,B38M
1397,F-GSQG,B77W
1398,C-GJXV,BCS3
1399,N649JB,A320
1400,EI-EJG,A332
1401,N859NW,A332
1402,N857NN,B738
1403,N845AM,B738
1404,N8836Q,B38M
1405,EI-FNG,A333
1406,EC-MNK,A332
1407,N809AW,A319
1408,N133HQ,E75S
1409,N8712L,B38M
1410,N843MH,B764
1411,N806DN,B739
1412,VH-ZNL,B789
1413,N203WN,B737
1414,N802AN,B788
1415,N57299,B38M
1416,N291BT,B39M
1417,F-HUVA,A359
1418,9Y-ANT,B38M
1419,CC-BGZ,B789
1420,B-222Z,B77L
1421,9K-AOD,B77W
1422,N124DX,A321
1423,N833NN,B738
1424,N223JQ,E75S
1425,C-GAWS,B738
1426,N351NB,A319
1427,D-AIXP,A359
1428,N17753,B737
1429,N322TH,B38M
1430,CC-BBE,B788
1431,XXB,B77L
1432,N238AK,B739
1433,N320SY,E75L
1434,G-STBD,B77W
1435,N8899H,B38M
1436,N827AN,B789
1437,G-VEII,A339
1438,N919NN,B738
1439,LN-RKR,A333
1440,N791AN,B772
1441,N8738K,B38M
1442,N594JB,A320
1443,C-GLJZ,CRJ9
1444,N959JB,A321
1445,HB-JHD,A333
1446,N829AW,A319
1447,N178DZ,B763
1448,N860NW,A332
1449,N851NW,A332
1450,N897NN,B738
1451,N583DT,A21N
1452,9V-SWW,B77W
1453,N662NK,A321
1454,N326DU,BCS3
1455,G-VIIG,B772
1456,N8801Q,B38M
1457,HL7436,B744
1458,N105HQ,E75S
1459,C-FJGZ,CRJ9
1460,N317JB,E190
1461,HB-JHK,A333
1462,N663NK,A321
1463,N927UW,A321
1464,G-VRIF,A339
1465,EI-EJM,A332
1466,N324FR,A20N
1467,N723TW,B752
1468,PH-BKH,B78X
1469,CS-TSI,A21N
1470,F-GZNA,B77W
1471,A7-BEU,B77W
1472,N8537Z,B738
1473,N513DA,A21N
1474,N984JB,A321
1475,EC-MIG,B788
1476,N8639B,B738
1477,A6-BLE,B789
1478,N331FR,A20N
1479,ET-AXL,B789
1480,CS-TXJ,A21N
1481,A6-EOJ,A388
1482,N4048J,A21N
1483,N237WN,B737
1484,EC-NGT,A359
1485,D-AIGP,A343
1486,9V-SGE,A359
1487,N830MH,B764
1488,OH-LWF,A359
1489,N532DN,A21N
1490,N279FE,B763
1491,N792AN,B772
1492,N493MC,B744
1493,A6-EOH,A388
1494,N390FR,A20N
1495,TC-LJC,B77W
1496,TC-JJK,B77W
1497,B-20DM,B77W
1498,B-LJD,B748
1499,HP-1837CMP,B738
1500,JA03WJ,A35K
1501,B-2487,B748
1502,D-AALE,B77L
1503,F-GSPO,B772
1504,A7-AML,A359
1505,N734AR,B77W
1506,N940AV,A20N
1507,N2193J,A21N
1508,B-LRG,A359
1509,N723AN,B77W
1510,HP-1843CMP,B738
1511,N527VL,A320
1512,N775AV,A20N
1513,N411AV,A320
1514,HK-5423,A320
1515,N967WN,B737
1516,N341SV,B38M
1517,N993NK,A20N
1518,N804JB,A320
1519,N962NK,A20N
1520,N819DN,B739
1521,N900UW,A321
1522,N715FR,A321
1523,N606FR,A21N
1524,N562JB,A320
1525,N769AV,A20N
1526,N8570W,B738
1527,N350FR,A20N
1528,N860NN,B738
1529,N47343,B38M
1530,N403YX,E75S
1531,N837NN,B738
1532,N8634A,B738
1533,N969NK,A20N
1534,N607JB,A320
1535,N379AZ,B763
1536,N362NB,A319
1537,N885NN,B738
1538,N131DU,BCS1
1539,N878NN,B738
1540,N644NK,A320
1541,N117UW,A320
1542,N197DN,B763
1543,9Y-BAH,B38M
1544,N303RE,B38M
1545,N313DN,A321
1546,N355NW,A320
1547,N541DE,A21N
1548,N8642E,B738
1549,N672DL,B752
1550,N186PQ,CRJ9
1551,N763JB,A320
1552,N76269,B738
1553,B-2426,B744
1554,N586DT,A21N
1555,N77510,B738
1556,N835NN,B738
1557,N3754A,B738
1558,N344DN,A321
1559,XA-CCM,B38M
1560,N892NN,B738
1561,N939AN,B738
1562,N9025B,A319
1563,N839NN,B738
1564,N9016,A319
1565,N123DQ,BCS1
1566,N979JT,A321
1567,N509JB,A320
1568,N939NN,B738
1569,N378DN,A321
1570,N921AN,B738
1571,G-VIIC,B772
1572,N3746H,B738
1573,N3189J,BCS3
1574,N905JB,A321
1575,N337DN,A321
1576,N897DN,B739
1577,N815NN,B738
1578,N334JB,E190
1579,N3765,B738
1580,HP-1834CMP,B738
1581,N421YX,E75L
1582,N657FR,A21N
1583,N926NK,A20N
1584,N337TN,B38M
1585,N6710E,B752
1586,N600LR,CRJ9
1587,N982AN,B738
1588,N8646B,B738
1589,N8314L,B738
1590,N613JB,A320
1591,N822UA,A319
1592,N338NB,A319
1593,N472AS,B739
1594,N407AS,B739
1595,N756US,A319
1596,B-LXB,A35K
1597,N998NN,B738
1598,N139UP,A306
1599,N962AV,A20N
1600,N3102J,BCS3
1601,N936DZ,B739
1602,N37263,B738
1603,N833AA,B789
1604,C-FEJF,E75S
1605,N634JB,A320
1606,N363DN,A321
1607,N381HA,A332
1608,CN-RGU,B788
1609,N8911Q,B38M
1610,A7-BEO,B77W
1611,N8827Q,B38M
1612,HL8044,B77L
1613,N413WN,B737
1614,C-FLJZ,CRJ9
1615,N538DN,A21N
1616,N604NK,A320
1617,A6-EVI,A388
1618,N813NN,B738
1619,N7704B,B737
1620,N881DN,B739
1621,N125DU,BCS1
1622,N329PQ,CRJ9
1623,HZ-AK37,B77W
1624,N510DE,A21N
1625,N315DN,A321
1626,N143DU,BCS1
1627,N764YX,E75L
1628,N124DU,BCS1
1629,N832NN,B738
1630,N849NN,B738
1631,VT-ALH,B77L
1632,N778XF,A319
1633,N8925Q,B38M
1634,N954AK,B39M
1635,N8569Z,B738
1636,HL8362,A359
1637,N260AK,B739
1638,N256CA,C402
1639,N1806U,B38M
1640,N203JQ,E75S
1641,N903CA,C402
1642,N17316,B38M
1643,N302DN,A321
1644,HL7638,B748
1645,N336DX,A321
1646,N430GT,B744
1647,N185GJ,CRJ9
1648,N949WN,B737
1649,UK78701,B788
1650,N937NN,B738
1651,VT-JRF,A359
1652,N929NN,B738
1653,N928NK,A20N
1654,N248AK,B739
1655,N655NK,A320
1656,JA784A,B77W
1657,N584JB,A320
1658,N549DN,A21N
1659,N118HQ,E75S
1660,B-18775,B77L
1661,N3156J,BCS3
1662,XA-MLI,B38M
1663,N244BZ,BCS3
1664,N8864H,B38M
1665,A6-APF,A388
1666,N8638A,B738
1667,B-KPE,B77W
1668,9Y-CAL,B38M
1669,N8648A,B738
1670,N318DU,BCS3
1671,N363NW,A320
1672,TC-LNE,A333
1673,N377DN,A321
1674,N304FR,A20N
1675,N725YX,E75L
1676,HK-5409,A20N
1677,N107US,A320
1678,N955NN,B738
1679,N932XJ,CRJ9
1680,HP-9926CMP,B39M
1681,N153PQ,CRJ9
1682,N335PQ,CRJ9
1683,N371NW,A320
1684,5Y-KZE,B788
1685,XA-ADD,B789
1686,N766JB,A320
1687,N107HQ,E75S
1688,N768YX,E75L
1689,N338DN,A321
1690,N639JB,A320
1691,N338FR,A20N
1692,C-FUJZ,CRJ9
1693,N615JB,A320
1694,N374DA,B738
1695,N247AK,B739
1696,N428DX,A339
1697,N863NN,B738
1698,N361FR,A20N
1699,N702CK,B744
1700,N894UA,A319
1701,N768JB,A320
1702,N398DN,A321
1703,N214AK,B739
1704,N921NK,A20N
1705,F-GSQB,B77W
1706,N221WN,B737
1707,N431DX,A339
1708,EI-EIK,A333
1709,N406DX,A339
1710,HB-JHH,A333
1711,EI-HJO,A339
1712,N8553W,B738
1713,N357NW,A320
1714,EI-GZB,B38M
1715,LN-LNO,B789
1716,N534DT,A21N
1717,N17329,B38M
1718,VH-ZNE,B789
1719,N102NN,A321
1720,N918AN,B738
1721,N706AL,B39M
1722,F-HUVK,A359
1723,N752US,A319
1724,D-AIXF,A359
1725,PH-BKM,B78X
1726,CC-BGS,B789
1727,N417DX,A339
1728,N8520Q,B738
1729,N929JB,A321
1730,B-16782,B77L
1731,LX-VCA,B748
1732,N340NW,A320
1733,N766YX,E75L
1734,N935AN,B738
1735,N478AS,B739
1736,N8557Q,B738
1737,N8693A,B738
1738,N8669B,B738
1739,G-VIIH,B772
1740,N174DN,B763
1741,N803NN,B738
1742,N8619F,B738
1743,N322FR,A20N
1744,N803AL,B788
1745,N341DN,A321
1746,N237BZ,BCS3
1747,G-VUFO,A333
1748,TF-FIR,B752
1749,N8525S,B738
1750,N985JT,A321
1751,G-STBO,B77W
1752,N526JL,A320
1753,N413DX,A339
1754,N8667D,B738
1755,HB-JHL,A333
1756,N177DZ,B763
1757,N572DT,A21N
1758,N952AK,B39M
1759,9V-SWQ,B77W
1760,N338NW,A320
1761,N836MH,B764
1762,N796AN,B772
1763,N8624J,B738
1764,N721NK,A21N
1765,YU-ARD,A332
1766,N671NK,A321
1767,N108DN,A321
1768,N833MH,B764
1769,N949JT,A321
1770,N827MH,B764
1771,N238FR,A320
1772,N835MH,B764
1773,N8600F,B738
1774,C-FTJZ,CRJ9
1775,A7-BET,B77W
1776,PH-BKL,B78X
1777,N300PQ,CRJ9
1778,CS-TSK,A20N
1779,EI-LRC,A21N
1780,F-GSQD,B77W
1781,EI-HJS,A339
1782,EC-MLP,A332
1783,CS-TXD,A21N
1784,ET-AUQ,B789
1785,N194DN,B763
1786,9V-SGD,A359
1787,N718AN,B77W
1788,CC-CXH,B763
1789,OH-LTO,A333
1790,A6-EEU,A388
1791,4X-EDH,B789
1792,G-VIIE,B772
1793,F-GSQJ,B77W
1794,B-LJM,B748
1795,B-16718,B77W
1796,B-18005,B77W
1797,JA793A,B77W
1798,HP-1847CMP,B738
1799,JA08WJ,A35K
1800,XA-MAO,B38M
1801,A7-ALZ,A359
1802,B-LRF,A359
1803,N401AV,A320
1804,F-GSPX,B772
1805,B-2482,B748
1806,RP-C7777,B77W
1807,4X-EDE,B789
1808,N903AV,A20N
1809,HL8005,B77L
1810,TC-JJV,B77W
1811,N206FR,A320
1812,N862AV,A320
1813,TC-JJH,B77W
1814,N618NK,A320
1815,N303FR,A20N
1816,N431UA,A320
1817,N707TW,B752
1818,N663JB,A320
1819,N974UY,A321
1820,N958JB,A321
1821,N976NN,B738
1822,N8883Q,B38M
1823,N481WN,B737
1824,N635NK,A320
1825,N903NN,B738
1826,N608NK,A320
1827,N640FR,A21N
1828,N319TE,B38M
1829,N321US,A320
1830,N8656B,B738
1831,N933NN,B738
1832,N623NK,A320
1833,N898NN,B738
1834,N348DN,A321
1835,N340DN,A321
1836,N352PS,B738
1837,N955AN,B738
1838,N706CK,B744
1839,N844DN,B739
1840,N979AK,B39M
1841,N298PQ,CRJ9
1842,N7713A,B737
1843,G-DHLK,B763
1844,N27239,B738
1845,N962JT,A321
1846,N199FE,B763
1847,N3769L,B738
1848,N362NW,A320
1849,N4032T,A319
1850,N38257,B738
1851,N356NW,A320
1852,N429UA,A320
1853,N548DN,A21N
1854,N343NB,A319
1855,N654FR,A21N
1856,N919AN,B738
1857,N328JB,E190
1858,N677NK,A321
1859,G-VIIS,B772
1860,N653RW,E170
1861,N146UP,A306
1862,G-VPIE,A339
1863,N423FX,E545
1864,N652JB,A320
1865,N929NK,A20N
1866,N824NN,B738
1867,N923XJ,CRJ9
1868,N3044J,BCS3
1869,N716UW,A319
1870,B-LXQ,A35K
1871,N397FX,E55P
1872,N821UA,A319
1873,N890NN,B738
1874,N217JQ,E75L
1875,N296PQ,CRJ9
1876,N738AL,B39M
1877,N931NK,A20N
1878,N971NN,B738
1879,N235JQ,E75S
1880,N717TW,B752
1881,N926NN,B738
1882,N882NN,B738
1883,VP-CIY,B38M
1884,N388HA,A332
1885,N937JB,A321
1886,C-FRQP,E75S
1887,A7-BAF,B77W
1888,N86534,B738
1889,N87345,E75L
1890,N353FR,A20N
1891,N819AW,A319
1892,A6-EVL,A388
1893,N709UW,A319
1894,VT-JRH,A359
1895,N128DN,A321
1896,N905DN,B739
1897,N6713Y,B752
1898,N843NN,B738
1899,N6700,B752
1900,N887NN,B738
1901,N947AN,B738
1902,N304RB,B38M
1903,N702FR,A321
1904,N418YX,E75L
1905,N902XJ,CRJ9
1906,N306SY,E75L
1907,N946AK,B39M
1908,N636FR,A21N
1909,N2611X,C402
1910,N889DN,B739
1911,N181GJ,CRJ9
1912,HL8308,A359
1913,N392DN,A321
1914,N346DN,A321
1915,N807DN,B739
1916,N132EV,CRJ9
1917,N290CA,C402
1918,N382FR,A20N
1919,N802NN,B738
1920,N306DU,BCS3
1921,HL7644,B748
1922,N17294,B38M
1923,N360NB,A319
1924,N745VJ,A319
1925,N35236,B738
1926,N8822Q,B38M
1927,N425YX,E75L
1928,N308DN,A321
1929,N120BZ,E190
1930,N306JB,E190
1931,N486AS,B739
1932,N317US,A320
1933,N8524Z,B738
1934,XA-MAY,B38M
1935,TC-JNZ,A333
1936,N315RJ,B38M
1937,4X-ERB,B788
1938,N990JL,A321
1939,N2156J,A21N
1940,N166PQ,CRJ9
1941,N603JB,A320
1942,N935XJ,CRJ9
1943,N360DN,A321
1944,N36272,B738
1945,N523JB,A320
1946,B-KPV,B77W
1947,N453FX,GLF4
1948,N904NK,A20N
1949,N319DU,BCS3
1950,N917AN,B738
1951,N764AV,A20N
1952,N776YX,E75L
1953,N8328A,B738
1954,N524JB,A320
1955,N823NW,A333
1956,N140BZ,E195
1957,N318JB,E190
1958,N8854Q,B38M
1959,N8507C,B738
1960,XA-ADG,B789
1961,N606NK,A320
1962,N311DN,A321
1963,N873UA,A319
1964,N306PQ,CRJ9
1965,N161SY,E75L
1966,N8839Q,B38M
1967,N301DU,BCS3
1968,N8615E,B738
1969,N419AS,B739
1970,N101DQ,A321
1971,N240JQ,E75S
1972,N364FR,A20N
1973,N306RC,B38M
1974,N469UA,A320
1975,N8804L,B38M
1976,EI-IFF,A359
1977,N539DN,A21N
1978,EI-FNH,A333
1979,N535JB,A320
1980,XA-SSR,B38M
1981,N880NN,B738
1982,N8825Q,B38M
1983,9K-AOC,B77W
1984,N654AW,A320
1985,4X-EDF,B789
1986,N907AN,B738
1987,N23707,B737
1988,N27255,B38M
1989,XXB,B763
1990,D-AIXI,A359
1991,N8747Q,B38M
1992,CC-BGX,B789
1993,VH-ZNA,B789
1994,LX-OCV,B744
1995,N365NW,A320
1996,N782CK,B744
1997,N268AK,B739
1998,B-16789,B77L
1999,N386FR,A20N
2000,SE-REH,A333
2001,N305SY,E75L
2002,N316PQ,CRJ9
2003,PH-BVW,B77W
2004,B-221S,B77L
2005,N606LR,CRJ9
2006,N854NN,B738
2007,N77542,B738
2008,N274SY,E75L
2009,N8529Z,B738
2010,N78506,B738
2011,N896NN,B738
2012,N478PX,CRJ9
2013,CC-BBC,B788
2014,N323SG,B38M
2015,N8502Z,B738
2016,N720AL,B39M
2017,N382DN,A321
2018,N799AN,B772
2019,N761AJ,B772
2020,N771YX,E75L
2021,C-FWSF,B737
2022,N904XJ,CRJ9
2023,N387FR,A20N
2024,G-STBC,B77W
2025,N538UW,A321
2026,YU-ARB,A332
2027,N725UW,A319
2028,N176DZ,B763
2029,TF-ISR,B752
2030,N960NK,A20N
2031,G-STBL,B77W
2032,N982NK,A20N
2033,N762YX,E75L
2034,N4663K,A333
2035,9V-SWV,B77W
2036,CN-RGZ,B789
2037,N731AN,B77W
2038,N312SY,E75L
2039,N123DW,A21N
2040,N232BZ,BCS3
2041,N916AN,B738
2042,G-VEVE,A35K
2043,N186GJ,CRJ9
2044,N511DE,A21N
2045,N685NK,A321
2046,N106HQ,E75S
2047,VQ-BVB,B748
2048,G-ZBLH,B78X
2049,N901XJ,CRJ9
2050,F-GSQM,B77W
2051,EC-NIG,A359
2052,PH-BKK,B78X
2053,N399DA,B738
2054,N76254,B738
2055,EI-LRA,A21N
2056,D-AIGV,A343
2057,CS-TXI,A21N
2058,EC-MLT,B788
2059,N834MH,B764
2060,N8536Z,B738
2061,OH-LWL,A359
2062,N453WN,B737
2063,N8783L,B38M
2064,N637JB,A320
2065,A6-EEQ,A388
2066,A6-EOU,A388
2067,N476MC,B744
2068,F-GSPZ,B772
2069,N307FR,A20N
2070,B-16719,B77W
2071,JA02WJ,A35K
2072,XA-DAJ,B38M
2073,HP-1824CMP,B738
2074,B-2485,B748
2075,N195AV,A320
2076,TC-JJE,B77W
2077,LX-VCH,B748
2078,XA-VLF,A320
2079,N788AV,A20N
2080,N943AV,A20N
2081,N481AV,A320
2082,N366FR,A20N
2083,N904AV,A20N
2084,N984NK,A20N
2085,N965AN,B738
2086,N712TW,B752
2087,N339NW,A320
2088,HK-5335,A320
2089,N930NN,B738
2090,N876NN,B738
2091,N8811L,B38M
2092,N76533,B738
2093,N283JB,E190
2094,N404KZ,B744
2095,N983JT,A321
2096,N554JB,A320
2097,N3766,B738
2098,N120DN,A321
2099,N323RM,B38M
2100,N8309C,B738
2101,XA-MAQ,B38M
2102,N760JB,A320
2103,N964WN,B737
2104,N899NN,B738
2105,N946AN,B738
2106,N479FX,GLF4
2107,N336NW,A320
2108,N12216,B738
2109,N963AN,B738
2110,N506DA,A21N
2111,N310PQ,CRJ9
2112,N569JB,A320
2113,N102DU,BCS1
2114,N336FR,A20N
2115,HP-1823CMP,B738
2116,N594NW,B753
2117,N988NK,A20N
2118,N933XJ,CRJ9
2119,N980AN,B738
2120,N900PC,B752
2121,N588JB,A320
2122,N324DX,A321
2123,N834NN,B738
2124,N557AS,B738
2125,N6711M,B752
2126,VP-CIW,B38M
2127,N601LR,CRJ9
2128,N683NK,A321
2129,N924XJ,CRJ9
2130,N934NK,A20N
2131,N428WN,B737
2132,N676CA,CRJ9
2133,N36207,B738
2134,N636JB,A320
2135,N123DW,A321
2136,N548FX,CL30
2137,N903XJ,CRJ9
2138,N102DN,A321
2139,HL8043,B77L
2140,N714US,A319
2141,VT-JRE,A359
2142,A7-BEK,B77W
2143,N284SY,E75L
2144,N808DN,B739
2145,N571JB,A320
2146,N995JL,A321
2147,N353DN,A321
2148,N816DN,B739
2149,N309PQ,CRJ9
2150,N395DZ,A321
2151,N491AS,B739
2152,A6-EVQ,A388
2153,N8894Q,B38M
2154,N424WN,B737
2155,N243SY,E75L
2156,N215BZ,BCS3
2157,N244SY,E75L
2158,B-18780,B77L
2159,HL8361,A359
2160,N343FR,A20N
2161,N908DN,B739
2162,N931XJ,CRJ9
2163,N820AW,A319
2164,N599JB,A320
2165,N934WN,B737
2166,N999JQ,A321
2167,N589JB,A320
2168,N935AK,B39M
2169,N582CA,CRJ9
2170,N919AV,A20N
2171,SU-GDN,B77W
2172,N135EV,CRJ9
2173,N498WN,B737
2174,N851UA,A319
2175,TC-JOZ,A332
2176,N437YX,E75L
2177,B-KPR,B77W
2178,N8898L,B38M
2179,XA-ADC,B789
2180,N415WN,B737
2181,N8930S,B38M
2182,N638JB,A320
2183,B-LJL,B748
2184,N380DN,A321
2185,N308PQ,CRJ9
2186,N361NB,A319
2187,B-7365,B77W
2188,D-AIHX,A346
2189,N47345,B38M
2190,N943AK,B39M
2191,N642FR,A21N
2192,N628NK,A320
2193,XA-DAO,B38M
2194,N251AK,B739
2195,N7726A,B737
2196,N578DN,A21N
2197,EC-LUX,A333
2198,N940WN,B737
2199,N8705Q,B38M
2200,N222JQ,E75S
2201,D-ANRT,A339
2202,VH-ZNC,B789
2203,N556JB,A320
2204,N512DE,A21N
2205,N391DN,A321
2206,N882BL,B788
2207,N748UW,A319
2208,F-GSQA,B77W
2209,D-AIXC,A359
2210,N844NN,B738
2211,N923NN,B738
2212,C-GWSN,B737
2213,N779AN,B772
2214,N119HQ,E75S
2215,N416MC,B744
2216,N14250,B738
2217,OO-SFC,A333
2218,CC-BMA,B789
2219,N246SY,E75L
2220,N957WN,B737
2221,N8538V,B738
2222,G-STBG,B77W
2223,N974JT,A321
2224,N831AA,B789
2225,N526DE,A21N
2226,N367NW,A320
2227,N883NN,B738
2228,N106DN,A321
2229,CC-BBA,B788
2230,N315UA,B38M
2231,TF-FIV,B752
2232,N772XF,A319
2233,N339PL,B738
2234,N785AN,B772
2235,N901AN,B738
2236,N943JT,A321
2237,N116DN,A321
2238,N711FR,A321
2239,9V-SWG,B77W
2240,N252WN,B737
2241,OE-LAZ,B763
2242,N436YX,E75L
2243,N669NK,A321
2244,ZK-NZQ,B789
2245,N732AN,B77W
2246,N4649K,A333
2247,N851DN,B739
2248,F-GSQU,B77W
2249,N659NK,A321
2250,4X-EDA,B789
2251,N616FR,A21N
2252,N7731A,B737
2253,F-GZND,B77W
2254,PH-BQP,B772
2255,EC-MUD,A332
2256,N197PQ,CRJ9
2257,N113HQ,E75S
2258,N298FE,B763
2259,G-ZBLB,B78X
2260,A6-BLD,B789
2261,D-AIFF,A343
2262,A6-EOT,A388
2263,N79279,B738
2264,G-VOWS,B789
2265,CS-TSW,B772
2266,9V-SGA,A359
2267,N155FE,B763
2268,N374FR,A20N
2269,TC-JJL,B77W
2270,N416AV,A320
2271,HL8251,B77L
2272,HL7628,A388
2273,XA-DRA,B738
2274,B-LQG,A359
2275,N966AV,A20N
2276,XA-VRU,A20N
2277,N426AV,A320
2278,TC-JJI,B77W
2279,HP-1728CMP,B738
2280,N958AV,A320
2281,N329SL,B38M
2282,N476UA,A320
2283,N727YX,E75L
2284,N355TW,B38M
2285,N115DN,A321
2286,HK-5320,A320
2287,N37287,B738
2288,N902AN,B738
2289,N704X,B752
2290,N7751A,B737
2291,N875RW,E170
2292,N421LV,B737
2293,HK-5368,A20N
2294,N954WN,B737
2295,N8872Q,B38M
2296,N331DN,A321
2297,N125DN,A321
2298,G-DHLP,B763
2299,N8575Z,B738
2300,N643JB,A320
2301,N8724J,B38M
2302,N922AN,B738
2303,N23721,B737
2304,N8752Q,B38M
2305,N17326,B38M
2306,N646JB,A320
2307,N350RV,B38M
2308,N345NW,A320
2309,N840NN,B738
2310,N13720,B737
2311,N110HQ,E75S
2312,N646FR,A21N
2313,N3732J,B738
2314,N964AT,B712
2315,HP-1828CMP,B738
2316,G-VEYR,A339
2317,N639FR,A21N
2318,N198FE,B763
2319,N529DT,A21N
2320,N678CA,CRJ9
2321,N685DA,B752
2322,N9013A,A319
2323,N8030F,A319
2324,N986NN,B738
2325,N976NK,A20N
2326,TF-ISP,B763
2327,N337JB,E190
2328,N8542Z,B738
2329,N349DX,A321
2330,N481UA,A320
2331,N550NW,B752
2332,N810UA,A319
2333,N413AS,B739
2334,N641NK,A320
2335,N366DX,A321
2336,N840AN,B789
2337,N927NK,A20N
2338,N665AW,A320
2339,N17245,B738
2340,N972JT,A321
2341,N267WN,B737
2342,N701UW,A319
2343,A6-EVK,A388
2344,A7-BEI,B77W
2345,N374HA,A332
2346,N962NN,B738
2347,N617NK,A320
2348,N909DN,B739
2349,N7853B,B737
2350,HZ-AK42,B77W
2351,N211SY,E75L
2352,N330PQ,CRJ9
2353,N991JT,A321
2354,N473WN,B737
2355,N832DN,B739
2356,VT-ALX,B77W
2357,N455WN,B737
2358,N918AK,B39M
2359,N76288,B738
2360,N480UA,A320
2361,N409YX,E75S
2362,N950WN,B737
2363,N589FX,CL35
2364,N764US,A319
2365,TC-JNL,A333
2366,N8760L,B38M
2367,N917NK,A20N
2368,XA-CCC,B38M
2369,N619FR,A21N
2370,N12754,B737
2371,N412YX,E75S
2372,N8683D,B738
2373,N280SY,E75L
2374,N133EV,CRJ9
2375,N890UA,A319
2376,XA-VBH,A21N
2377,N951NN,B738
2378,N948AN,B738
2379,N312DU,BCS3
2380,HK-5389,A20N
2381,N2649Z,C402
2382,HP-9923CMP,B39M
2383,N673AW,A320
2384,N653AW,A320
2385,N7821L,B737
2386,XA-DHM,B789
2387,N8730Q,B38M
2388,N825QS,C700
2389,N27276,B38M
2390,N876UA,A319
2391,N942WN,B737
2392,N331TK,B38M
2393,D-AIHP,A346
2394,N386DN,A321
2395,N760YX,E75L
2396,N603NK,A320
2397,N278AK,B739
2398,N744CK,B744
2399,N8543Z,B738
2400,N929AK,B39M
2401,N588DT,A21N
2402,N8859Q,B38M
2403,N968AK,B39M
2404,N775YX,E75L
2405,EI-HPB,A339
2406,OE-LRI,B744
2407,N343RY,B38M
2408,N853NN,B738
2409,N857NW,A332
2410,N414YX,E75L
2411,C-FEJP,E75S
2412,5Y-KZF,B788
2413,XA-CCO,B38M
2414,N569WN,B737
2415,C-GJFZ,CRJ9
2416,N705UW,A319
2417,N878BG,B788
2418,N850NN,B738
2419,N47298,B38M
2420,9K-AOL,B77W
2421,N779JB,A320
2422,N662FR,A21N
2423,N948AK,B39M
2424,N8862Q,B38M
2425,PH-BKC,B78X
2426,C-FIBW,B737
2427,N856NW,A332
2428,N707CK,B744
2429,N991AN,B738
2430,N8882Q,B38M
2431,N3162J,BCS3
2432,TF-ICR,B38M
2433,N27271,B38M
2434,N121DU,BCS1
2435,LN-RKS,A333
2436,N825NN,B738
2437,N802UA,A319
2438,F-GSPJ,B772
2439,N649FR,A21N
2440,CC-BGK,B789
2441,N8562Z,B738
2442,N754YX,E75L
2443,G-STBJ,B77W
2444,TF-ICO,B38M
2445,N475UA,A320
2446,C-FJFZ,CRJ9
2447,N711UW,A319
2448,9V-SWT,B77W
2449,N407WN,B737
2450,N840UA,A319
2451,N821AW,A319
2452,N836AW,A319
2453,N4787K,A333
2454,N954NK,A20N
2455,N187GJ,CRJ9
2456,N85376,E75L
2457,N309DN,A321
2458,JY-BAA,B788
2459,EI-TYD,A339
2460,N928WN,B737
2461,EC-MNL,A332
2462,N915WN,B737
2463,PH-BKI,B78X
2464,A7-BAO,B77W
2465,N280FE,B763
2466,CS-TXF,A21N
2467,N200PQ,CRJ9
2468,N930XJ,CRJ9
2469,A6-EUB,A388
2470,G-VZIG,B789
2471,N260WN,B737
2472,N7748A,B737
2473,N129HQ,E75S
2474,N305PQ,CRJ9
2475,N840MH,B764
2476,OH-LWR,A359
2477,N264FE,B763
2478,N143FE,B763
2479,N324UP,B763
2480,CC-CWF,B763
2481,A6-EEP,A388
2482,N768AA,B772
2483,N140UP,A306
2484,LN-FNA,B789
2485,4K-SW888,B744
2486,N750AV,A320
2487,HP-1726CMP,B738
2488,B-LQD,A359
2489,N230AC,A320
2490,N944AV,A320
2491,HP-1838CMP,B738
2492,JA17KZ,B748
2493,N992NK,A20N
2494,N7828A,B737
2495,N808UA,A319
2496,N845NN,B738
2497,N17233,B738
2498,N335PH,B738
2499,N382DA,B738
2500,N8746Q,B38M
2501,N8790Q,B38M
2502,N869NN,B738
2503,N344TS,B38M
2504,N930WN,B737
2505,N351CM,B763
2506,N942AV,A20N
2507,N713FR,A321
2508,N908NN,B738
2509,N920AN,B738
2510,N968NN,B738
2511,N981AN,B738
2512,N355PU,B738
2513,N879NN,B738
2514,N383DZ,A321
2515,N126DN,A321
2516,XA-SRA,B38M
2517,N8773Q,B38M
2518,N342SX,B38M
2519,N37319,B38M
2520,N8884Q,B38M
2521,N16732,B737
2522,N9021H,A319
2523,N856NN,B738
2524,N542DE,A21N
2525,N855NN,B738
2526,N142FE,B763
2527,N996JL,A321
2528,N975AN,B738
2529,N652FR,A21N
2530,N932NN,B738
2531,N859NN,B738
2532,N143UP,A306
2533,N502DX,A21N
2534,N24715,B737
2535,N308UP,B763
2536,N651FR,A21N
2537,N873DN,B739
2538,N949AN,B738
2539,N507DZ,A21N
2540,N587DT,A21N
2541,N422WN,B737
2542,N9004F,A319
2543,N318TD,B38M
2544,N6709,B752
2545,N686DA,B752
2546,N893UA,A319
2547,N251WN,B737
2548,N393HA,A332
2549,N770AN,B772
2550,N310DN,A321
2551,N566FX,CL35
2552,N414WN,B737
2553,A7-BEX,B77W
2554,N862NN,B738
2555,N717FR,A321
2556,N848NN,B738
2557,N87319,E75L
2558,N136EV,CRJ9
2559,N291WN,B737
2560,N149SY,E75L
2561,N771XF,A319
2562,N349FR,A20N
2563,N440LV,B737
2564,N362DN,A321
2565,N971UY,A321
2566,HL8381,A359
2567,N774XF,A319
2568,N393DN,A321
2569,N826UA,A319
2570,N833AW,A319
2571,N931WN,B737
2572,N307DX,A321
2573,N367FR,A20N
2574,N500WR,B738
2575,N533AS,B738
2576,N358DN,A321
2577,N868AM,B38M
2578,N24736,B737
2579,D-AALM,B77L
2580,N800NN,B738
2581,N77535,B738
2582,N391CA,CRJ7
2583,B-KQU,B77W
2584,N322DU,BCS3
2585,N950NN,B738
2586,N938AV,A20N
2587,N136DQ,BCS1
2588,N351DN,A321
2589,N8833L,B38M
2590,XA-VXQ,A21N
2591,N3196J,BCS3
2592,N267CA,C402
2593,N7739A,B737
2594,HP-9922CMP,B39M
2595,N752YX,E75L
2596,N365FX,E55P
2597,N8780Q,B38M
2598,N37324,B38M
2599,N123HQ,E75S
2600,N848UA,A319
2601,N236FR,A320
2602,N742AM,B789
2603,N587UW,A321
2604,N135DQ,BCS1
2605,N919WN,B737
2606,B-7367,B77W
2607,N425DX,A339
2608,N7880D,B737
2609,N8888M,B38M
2610,N88359,E75L
2611,N982AK,B39M
2612,N3123J,BCS3
2613,EI-HJN,A339
2614,N416DX,A339
2615,N530DE,A21N
2616,N978JB,A321
2617,C-GNJZ,CRJ9
2618,N8880G,B38M
2619,LX-VCM,B748
2620,N621FR,A21N
2621,CC-BGR,B789
2622,F-GZCE,A332
2623,N8547V,B738
2624,N326RP,B38M
2625,N368FX,E55P
2626,N456UA,A320
2627,N7819A,B737
2628,PH-BVR,B77W
2629,N327SK,B38M
2630,D-AIXJ,A359
2631,N841UA,A319
2632,TF-ICH,B38M
2633,N350NA,A320
2634,G-VGEM,A333
2635,C-GAMQ,B38M
2636,TF-ICV,B38M
2637,N321DH,A321
2638,N913NN,B738
2639,N884UA,A319
2640,TC-JJP,B77W
2641,N931AN,B738
2642,9V-SWO,B77W
2643,N719AN,B77W
2644,N4621K,A333
2645,N93305,E75L
2646,EI-EJH,A332
2647,N713UW,A319
2648,PH-BKG,B78X
2649,B-LJG,B748
2650,N507JT,A320
2651,N147FE,B763
2652,CS-TSF,A21N
2653,A7-BEV,B77W
2654,N144SY,E75L
2655,CS-TXA,A21N
2656,N728AN,B77W
2657,ET-AOV,B788
2658,N842MH,B764
2659,N486WN,B737
2660,N170FE,B763
2661,N122UP,A306
2662,N373FR,A20N
2663,N372UP,B763
2664,G-STBI,B77W
2665,HK-5367,A20N
2666,XA-MFM,B38M
2667,HP-1849CMP,B738
2668,B-LQB,A359
2669,TC-LJD,B77W
2670,N945AV,A320
2671,N5843K,A333
2672,N459UA,A320
2673,N78501,B738
2674,HL8285,B77L
2675,N8690A,B738
2676,N960AV,A320
2677,N85355,E75L
2678,N8793Q,B38M
2679,N315DU,BCS3
2680,N607NK,A320
2681,N417WN,B737
2682,N338RS,B38M
2683,N612FR,A21N
2684,N995NN,B738
2685,N904AN,B738
2686,N17317,B38M
2687,N109JS,B38M
2688,N73278,B738
2689,N14731,B737
2690,N774DE,B738
2691,N326PQ,CRJ9
2692,N149FE,B763
2693,N550DN,A21N
2694,N877NN,B738
2695,N829NN,B738
2696,N13716,B737
2697,B-18781,B77L
2698,N112DU,BCS1
2699,N346NB,A319
2700,G-DHLJ,B763
2701,N8628A,B738
2702,N633NK,A320
2703,B-LXC,A35K
2704,N168UP,A306
2705,N302SS,B38M
2706,VP-CIZ,B38M
2707,N434UA,A320
2708,N315SD,B38M
2709,N845UA,A319
2710,N588FX,CL35
2711,N553NW,B752
2712,N292WN,B737
2713,N990NN,B738
2714,N962AN,B738
2715,N37353,B38M
2716,A7-BEL,B77W
2717,N997JL,A321
2718,N929XJ,CRJ9
2719,N781AN,B772
2720,N826DN,B739
2721,N865DN,B739
2722,N309FR,A20N
2723,HZ-AK36,B77W
2724,A6-EVJ,A388
2725,N311SY,E75L
2726,N823SY,B738
2727,N912WN,B737
2728,N929WN,B737
2729,TC-JOG,A333
2730,N708AL,B39M
2731,N611NK,A320
2732,N642NK,A320
2733,N964NN,B738
2734,N7741C,B737
2735,CN-RGT,B788
2736,N394FR,A20N
2737,9Y-SUR,B38M
2738,N802DN,B739
2739,A6-APJ,A388
2740,B-KQM,B77W
2741,N8701Q,B38M
2742,N334DN,A321
2743,N38268,B738
2744,N970JB,A321
2745,N116DU,BCS1
2746,N661AW,A320
2747,N602LR,CRJ9
2748,N724YX,E75L
2749,N667AW,A320
2750,N874DN,B739
2751,N454FX,GLF4
2752,N8530W,B738
2753,N290WN,B737
2754,N433UA,A320
2755,N991NK,A20N
2756,N88346,E75L
2757,N936WN,B737
2758,N118DY,A321
2759,C-GJNZ,CRJ9
2760,D-ANRQ,A339
2761,N722YX,E75L
2762,4X-EDC,B789
2763,XA-MAK,B38M
2764,N8504G,B738
2765,N8655D,B738
2766,C-FCNW,B738
2767,N705AL,B39M
2768,N8629A,B738
2769,TF-ICU,B38M
2770,N313DU,BCS3
2771,N358PW,B738
2772,XXB,A321
2773,N897UA,A319
2774,CC-BGE,B789
2775,N206BZ,BCS3
2776,TF-ICT,B38M
2777,N358NW,A320
2778,N37274,B738
2779,N1602,B763
2780,TC-JJF,B77W
2781,N5827K,A333
2782,G-VIIM,B772
2783,N728NK,A21N
2784,N832AA,B789
2785,N129DN,A321
2786,4X-EDK,B789
2787,C-GCJZ,CRJ9
2788,EI-TYA,A339
2789,N717AN,B77W
2790,N538CA,CRJ9
2791,N848JA,GLF5
2792,N489WN,B737
2793,G-ZBLA,B78X
2794,A7-BEG,B77W
2795,A6-EUC,A388
2796,N726AN,B77W
2797,N82366,E75L
2798,N136UP,A306
2799,N295FE,B763
2800,N179FE,B763
2801,N387UP,B763
2802,CC-CXJ,B763
2803,N609FX,E550
2804,N371CM,B763
2805,G-STBK,B77W
2806,N631NK,A320
2807,G-EIDY,A333
2808,D-AALI,B77L
2809,B-18052,B77W
2810,N454AV,A320
2811,N971NK,A20N
2812,N561WN,B737
2813,N454UA,A320
2814,N955AV,A320
2815,N923AN,B738
2816,N8918Q,B38M
2817,N7866A,B737
2818,N656NK,A320
2819,N953NN,B738
2820,N838NN,B738
2821,N87507,B738
2822,G-DHLO,B763
2823,N8027D,A319
2824,N709JB,A320
2825,N318UP,B763
2826,N181PQ,CRJ9
2827,N33714,B737
2828,N902NK,A20N
2829,N531DA,A21N
2830,N379FR,A20N
2831,N820NN,B738
2832,N490UA,A320
2833,N308RD,B38M
2834,B-LXA,A35K
2835,N396FX,E55P
2836,N28NX,PC12
2837,N4901U,A320
2838,N8749Q,B38M
2839,N86334,E75L
2840,N73299,B738
2841,N956WN,B737
2842,N775XF,A319
2843,A6-EUR,A388
2844,N958NN,B738
2845,N710TW,B752
2846,N165SY,E75L
2847,N309SY,E75L
2848,N448WN,B737
2849,C-FEKI,E75S
2850,N621NK,A320
2851,N810NN,B738
2852,N78509,B738
2853,N804UA,A319
2854,N294SY,E75L
2855,N614NK,A320
2856,N374NW,A320
2857,B-1567,B789
2858,N8522P,B738
2859,TC-JOB,A333
2860,N712US,A319
2861,N946WN,B737
2862,N981NN,B738
2863,N978NN,B738
2864,A6-APG,A388
2865,N907NN,B738
2866,N8914Q,B38M
2867,N888DU,B739
2868,N959NN,B738
2869,N141DU,BCS1
2870,HP-9927CMP,B39M
2871,N750YX,E75L
2872,N446AM,B789
2873,N131EV,CRJ9
2874,N17300,B38M
2875,N80343,E75L
2876,N245WN,B737
2877,N405DX,A339
2878,N8830Q,B38M
2879,N8892S,B38M
2880,N7835A,B737
2881,N881UA,A319
2882,N316NB,A319
2883,C-FIJZ,CRJ9
2884,N328DU,BCS3
2885,N8001N,A319
2886,N966AK,B39M
2887,N954JB,A321
2888,B-KPW,B77W
2889,N341TR,B38M
2890,N24212,B738
2891,D-ANRE,A339
2892,N283AK,B739
2893,N8515X,B738
2894,XA-MAG,B38M
2895,N8695D,B738
2896,9K-AOE,B77W
2897,EC-MYA,A332
2898,N746YX,E75L
2899,N630FR,A21N
2900,N37252,B738
2901,N983NN,B738
2902,VH-ZNH,B789
2903,F-HUVN,A359
2904,N825UA,A319
2905,B-2076,B77L
2906,C-FNWD,B38M
2907,N986JB,A321
2908,N295SY,E75L
2909,PH-BKD,B78X
2910,LN-RKN,A333
2911,N269WN,B737
2912,TF-AKG,B744
2913,N27273,B38M
2914,TF-ICG,B38M
2915,N629JB,A320
2916,N347FR,A20N
2917,N459WN,B737
2918,OO-SFJ,A333
2919,N673NK,A321
2920,N928DU,B739
2921,N409DX,A339
2922,N767YX,E75L
2923,N226BZ,BCS3
2924,N810NW,A333
2925,N447UA,A320
2926,HB-JHA,A333
2927,N4005X,A319
2928,N947NN,B738
2929,N966NN,B738
2930,N117DU,BCS1
2931,C-GJHZ,CRJ9
2932,N314PQ,CRJ9
2933,N456WN,B737
2934,EI-HJP,A339
2935,N7752B,B737
2936,HL7419,B744
2937,N771AN,B772
2938,ET-ASH,B788
2939,N551WN,B737
2940,G-ZBLF,B78X
2941,N621UX,E75L
2942,N960WN,B737
2943,D-AIGZ,A343
2944,N614FR,A21N
2945,N361UP,B763
2946,A6-EEK,A388
2947,N390CM,B763
2948,B-16721,B77W
2949,B-2049,B77W
2950,TC-JJU,B77W
2951,N946AV,A320
2952,N533VL,A20N
2953,HP-1841CMP,B738
2954,N207FR,A320
2955,N804NN,B738
2956,N8921Q,B38M
2957,N632AV,A320
2958,N940AN,B738
2959,N330DX,A321
2960,N873NN,B738
2961,N79521,B738
2962,N484UA,A320
2963,N961WN,B737
2964,N831NN,B738
2965,N7877H,B737
2966,N8009T,A319
2967,N932AV,A20N
2968,N324SH,B38M
2969,N281WN,B737
2970,N993NN,B738
2971,N894NN,B738
2972,N9011P,A319
2973,N8924Q,B38M
2974,N945AN,B738
2975,N968JT,A321
2976,N3764D,B738
2977,HP-1826CMP,B738
2978,N955WN,B737
2979,N591FE,MD11
2980,N383HA,A332
2981,N535GJ,CRJ7
2982,N934AG,A20N
2983,N691CA,CRJ9
2984,N318NB,A319
2985,N220JQ,E75L
2986,A7-BAI,B77W
2987,N890DN,B739
2988,N705FR,A321
2989,TC-MCO,A333
2990,N343PN,B738
2991,N195PQ,CRJ9
2992,N926DZ,B739
2993,HZ-AK38,B77W
2994,N842DN,B739
2995,N831AW,A319
2996,A6-EVO,A388
2997,N230BZ,BCS3
2998,N359PX,B738
2999,N915DU,B739
3000,N8315C,B738
3001,N33289,B738
3002,N287AK,B739
3003,N17285,B38M
3004,N7720F,B737
3005,N312FR,A20N
3006,N363CM,B763
3007,C-FEJB,E75S
3008,N758US,A319
3009,N932WN,B737
3010,5Y-KZJ,B788
3011,N885DN,B739
3012,N299PQ,CRJ9
3013,N718FR,A321
3014,N257WN,B737
3015,N738US,A319
3016,N7868K,B737
3017,N348FX,E55P
3018,N278SY,E75L
3019,N212WN,B737
3020,N17349,B38M
3021,N297PQ,CRJ9
3022,N338PK,B738
3023,N816NN,B738
3024,D-AIHZ,A346
3025,C-FJJZ,CRJ9
3026,N423DX,A339
3027,N117HQ,E75S
3028,N426DZ,A339
3029,N901WN,B737
3030,N265AK,B739
3031,N971AN,B738
3032,C-GJXY,BCS3
3033,EI-NUA,B789
3034,N27277,B38M
3035,N873BB,B788
3036,N913AN,B738
3037,CC-BGU,B789
3038,N334TL,B38M
3039,D-AIXW,A359
3040,N903AN,B738
3041,N258SY,E75L
3042,F-HUVM,A359
3043,N442AS,B739
3044,N354DN,A321
3045,N358NB,A319
3046,N938AN,B738
3047,N729NK,A21N
3048,N758AN,B772
3049,TF-FIK,B752
3050,N980NK,A20N
3051,N948JB,A321
3052,N998JE,A321
3053,N708UW,A319
3054,N174DZ,B763
3055,G-STBF,B77W
3056,G-RAES,B772
3057,EC-NDR,A359
3058,N722TW,B752
3059,EI-EJP,A332
3060,C-GJXW,BCS3
3061,G-VPRD,A35K
3062,G-ZBLC,B78X
3063,A6-BLA,B789
3064,N795AN,B772
3065,OH-LTM,A333
3066,A6-EEG,A388
3067,4X-EDB,B789
3068,G-VLUX,A35K
3069,HK-5352,A20N
3070,LN-FNE,B789
3071,B-16725,B77W
3072,A6-EDU,A388
3073,TC-LJE,B77W
3074,A7-AMJ,A359
3075,N818AV,A20N
3076,4X-EDM,B789
3077,B-LRK,A359
3078,N920AV,A20N
3079,N253AC,A320
3080,N336SR,B38M
3081,N474UA,A320
3082,G-DHLM,B763
3083,N334NW,A320
3084,N183GJ,CRJ9
3085,N470UA,A320
3086,N676DL,B752
3087,N896UA,A319
3088,N940NN,B738
3089,N27323,B38M
3090,N134UP,A306
3091,N472WN,B737
3092,VT-AEH,B77L
3093,A6-EVR,A388
3094,N842SY,B738
3095,N723UW,A319
3096,N154SY,E75L
3097,N864DN,B739
3098,HL7642,B748
3099,N7849A,B737
3100,CC-CWV,B763
3101,4X-ERD,B788
3102,N488UA,A320
3103,HK-5365,A20N
3104,N901NN,B738
3105,N761YX,E75L
3106,N406KZ,B744
3107,N633FR,A21N
3108,N638RW,E170
3109,N698NK,A320
3110,N33284,B738
3111,N357NB,A319
3112,N288WN,B737
3113,N843DN,B739
3114,N130DU,BCS1
3115,N133DU,BCS1
3116,N955AK,B39M
3117,N8545V,B738
3118,N985AK,B39M
3119,N314NB,A319
3120,N208SY,E75L
3121,N684NK,A321
3122,N290AK,B739
3123,N850UA,A319
3124,N8737L,B38M
3125,EI-DUZ,A333
3126,EC-OAY,A359
3127,N373NW,A320
3128,N220WN,B737
3129,N8807L,B38M
3130,N990AN,B738
3131,N903AK,B39M
3132,N886BR,B788
3133,N757UW,A319
3134,N7822A,B737
3135,CC-BGL,B789
3136,F-HUVF,A359
3137,N8563Z,B738
3138,N26210,B738
3139,N925NN,B738
3140,N242SY,E75L
3141,CC-BBD,B788
3142,B-16790,B77L
3143,N909NN,B738
3144,N341PQ,CRJ9
3145,N823AN,B789
3146,N788AN,B772
3147,N832MH,B764
3148,N949NN,B738
3149,N604UX,E75L
3150,N224BZ,BCS3
3151,N9008U,A319
3152,N85354,E75L
3153,N8896L,B38M
3154,N247SY,E75L
3155,N977NK,A20N
3156,9V-SWP,B77W
3157,N942JB,A321
3158,N722AN,B77W
3159,N107DN,A321
3160,N556WN,B737
3161,N124US,A320
3162,N78361,E75L
3163,D-AIGU,A343
3164,N522FX,CL30
3165,N721AN,B77W
3166,LN-FND,B789
3167,N791AV,B788
3168,N763AV,A320
3169,XA-JGQ,B39M
3170,A7-ANP,A35K
3171,TC-JJM,B77W
3172,B-LRE,A359
3173,N868GT,B748
3174,HL7645,B744
3175,9H-AKJ,B744
3176,N8704Q,B38M
3177,N7811F,B737
3178,N432UA,A320
3179,N77539,B738
3180,N321TG,B38M
3181,N912NN,B738
3182,B-LXE,A35K
3183,N805UA,A319
3184,N391HA,A332
3185,N508JL,A320
3186,N207WN,B737
3187,N616NK,A320
3188,N872UA,A319
3189,N753YX,E75L
3190,N906WN,B737
3191,N85352,E75L
3192,N903WN,B737
3193,N3739P,B738
3194,N625NK,A320
3195,N814AA,B788
3196,N818UA,A319
3197,N927XJ,CRJ9
3198,N964AK,B39M
3199,D-AIXX,A359
3200,F-HUVC,A359
3201,A6-EOV,A388
3202,A7-AMG,A359
3203,B-LRD,A359
3204,N489UA,A320
3205,N723FR,A321
3206,N8312C,B738
3207,N972NN,B738
3208,N7730A,B737
3209,N652NK,A320
3210,N896DN,B739
3211,N105JS,B38M
3212,N78540,B738
3213,N308DU,BCS3
3214,N170UP,A306
3215,N26226,B738
3216,N970NN,B738
3217,N327DU,BCS3
3218,N953AN,B738
3219,N375FR,A20N
3220,N348NB,A319
3221,N370DN,A321
3222,N16709,B737
3223,N958NK,A20N
3224,N298WN,B737
3225,B-LXK,A35K
3226,N898DN,B739
3227,N875UA,A319
3228,N441UA,A320
3229,N693DL,B752
3230,N33266,B738
3231,N395HA,A332
3232,A7-BAC,B77W
3233,N17312,B38M
3234,N85320,E75L
3235,N611FR,A21N
3236,N435WN,B737
3237,N986NK,A20N
3238,N131SY,E75L
3239,N956AK,B39M
3240,N325DN,A321
3241,N327SY,E75L
3242,N313FR,A20N
3243,N704US,A319
3244,N514QS,C68A
3245,N7878A,B737
3246,N605NK,A320
3247,N546AS,B738
3248,N27733,B737
3249,XA-VXR,A21N
3250,N3085J,BCS3
3251,N961NK,A20N
3252,HK-5366,A20N
3253,N906AN,B738
3254,N8841L,B38M
3255,N763YX,E75L
3256,N438AM,B789
3257,N285WN,B737
3258,N93003,A319
3259,N17322,B38M
3260,N8763L,B38M
3261,N88328,E75L
3262,N295WN,B737
3263,N767CK,B744
3264,N344NB,A319
3265,N304DU,BCS3
3266,N941AK,B39M
3267,N17337,B38M
3268,N326US,A320
3269,N329FR,A20N
3270,N812AA,B788
3271,N978AK,B39M
3272,F-GSQL,B77W
3273,N815UA,A319
3274,N375UP,B763
3275,JA798A,B77W
3276,B-LQE,A359
3277,N453UA,A320
3278,N8654B,B738
3279,N23708,B737
3280,N144UP,A306
3281,N342NW,A320
3282,B-LXP,A35K
3283,N385HA,A332
3284,N88325,E75L
3285,N506AS,B738
3286,N495UA,A320
3287,N103US,A320
3288,N411WN,B737
3289,N8325D,B738
3290,N8625A,B738
3291,N419DX,A339
3292,N280AK,B739
3293,N828UA,A319
3294,D-AIXT,A359
3295,N88330,E75L
3296,JA788A,B77W
3297,B-2486,B748
3298,B-LQF,A359
3299,G-DHLL,B763
3300,N9015D,A319
3301,VQ-BBM,B748
3302,N853UA,A319
3303,N396HA,A332
3304,N824AN,B789
3305,N705TW,B752
3306,N947WN,B737
3307,N815SY,B738
3308,N602NK,A320
3309,N324RN,B38M
3310,N844UA,A319
3311,N8840Q,B38M
3312,N301NB,A319
3313,N263WN,B737
3314,N607LR,CRJ9
3315,N301UP,B763
3316,G-DHLS,B763
3317,N309UP,B763
3318,N821AN,B789
3319,N910WN,B737
3320,N709TW,B752
3321,N824DN,B739
3322,N663AA,C402
3323,N277AK,B739
3324,N118US,A320
3325,N272WN,B737
3326,9K-AOI,B77W
3327,N563FX,CL35
3328,N8581Z,B738
3329,VH-ZND,B789
3330,N86312,E75L
3331,N843UA,A319
3332,N378NW,A320
3333,B-20CK,B77W
3334,B-LJA,B748
3335,B-LQC,A359
3336,N740AV,A320
3337,N424UA,A320
3338,N8835Q,B38M
3339,N690DL,B752
3340,N3014R,A319
3341,N321RL,B38M
3342,N320TF,B38M
3343,N389DN,A321
3344,N8907L,B38M
3345,N7863A,B737
3346,N129UP,A306
3347,N826NN,B738
3348,N73256,B738
3349,HP-1848CMP,B738
3350,N336RU,B38M
3351,N8324A,B738
3352,N877UA,A319
3353,C-FXJF,E75S
3354,C-GJAZ,CRJ9
3355,N318DX,A321
3356,N17254,B38M
3357,N568GJ,CRJ7
3358,N814NN,B738
3359,N830DN,B739
3360,N282AK,B739
3361,N824AW,A319
3362,N310FR,A20N
3363,N706CA,C402
3364,N8935Q,B38M
3365,N273SY,E75L
3366,N128SY,E75L
3367,SU-GEU,B789
3368,N311FR,A20N
3369,N804AW,A319
3370,N549AS,B738
3371,TC-LND,A333
3372,N485WN,B737
3373,N325DU,BCS3
3374,N415UA,A320
3375,N8318F,B738
3376,N412WN,B737
3377,N922WN,B737
3378,N941NN,B738
3379,N8668A,B738
3380,N9026C,A319
3381,N319NB,A319
3382,N222WN,B737
3383,D-ANRH,A339
3384,N8777Q,B38M
3385,N547DE,A21N
3386,N703AL,B39M
3387,EC-MAA,A333
3388,N326NB,A319
3389,N13718,B737
3390,CC-BGV,B789
3391,N340NB,A319
3392,N369FR,A20N
3393,N854NW,A332
3394,N433AS,B739
3395,N581AS,B738
3396,B-16787,B77L
3397,N347TT,B38M
3398,CC-BBF,B788
3399,OO-SFX,A333
3400,G-VELJ,A35K
3401,ZK-NZL,B789
3402,ET-AUP,B789
3403,N88327,E75L
3404,N442UA,A320
3405,N932AN,B738
3406,N641FR,A21N
3407,N370UP,B763
3408,N830NN,B738
3409,N526GJ,CRJ7
3410,N845SY,B738
3411,N624FR,A21N
3412,N8602F,B738
3413,N8789Q,B38M
3414,N14704,B737
3415,N273WN,B737
3416,N516JB,A320
3417,N225WN,B737
3418,N303DU,BCS3
3419,N468WN,B737
3420,N310DU,BCS3
3421,N838DN,B739
3422,B-LRN,A359
3423,HL7423,B744
3424,N805NN,B738
3425,N6703D,B752
3426,N335RT,B38M
3427,N3242J,BCS3
3428,N3750D,B738
3429,N909XJ,CRJ9
3430,N688TA,A320
3431,B-LXJ,A35K
3432,N938AK,B39M
3433,HP-1830CMP,B738
3434,N8934Q,B38M
3435,N7873A,B737
3436,N126UW,A320
3437,N445WN,B737
3438,N337PJ,B738
3439,N7736A,B737
3440,N902NN,B738
3441,N811NN,B738
3442,N109SY,E75L
3443,N328DN,A321
3444,N604FR,A21N
3445,N975NK,A20N
3446,N217BZ,BCS3
3447,N840AW,A319
3448,B-18778,B77L
3449,VT-ALM,B77W
3450,N36247,B738
3451,A7-BEM,B77W
3452,N645NK,A320
3453,N827SY,B738
3454,N3292M,C402
3455,N328NW,A320
3456,N770UW,A319
3457,N337PQ,CRJ9
3458,N732US,A319
3459,N17730,B737
3460,N882DN,B739
3461,TC-MCN,A333
3462,N302DU,BCS3
3463,N231WN,B737
3464,N8776L,B38M
3465,N486FX,GLF4
3466,HP-9912CMP,B39M
3467,N773CK,B77L
3468,N37351,B38M
3469,N639RW,E170
3470,N8540V,B738
3471,N373DX,A321
3472,N528AS,B738
3473,D-ANRO,A339
3474,B-2022,B77W
3475,N8728Q,B38M
3476,N366NB,A319
3477,F-GZNS,B77W
3478,N414DZ,A339
3479,N17296,B38M
3480,N901DN,B739
3481,CC-BGW,B789
3482,C-FUCS,B738
3483,N819UA,A319
3484,B-220E,B77L
3485,N306PB,B738
3486,N236BZ,BCS3
3487,N718NK,A21N
3488,N8650F,B738
3489,N805DN,B739
3490,G-ZBLG,B78X
3491,N965WN,B737
3492,N741UW,A319
3493,N773YX,E75L
3494,N731YX,E75L
3495,G-STBA,B77W
3496,N305FR,A20N
3497,N843SY,B738
3498,N830UA,A319
3499,N331PQ,CRJ9
3500,9V-SWS,B77W
3501,N725AN,B77W
3502,C-GJUZ,CRJ9
3503,N835AW,A319
3504,VH-ZNJ,B789
3505,N232WN,B737
3506,N604LR,CRJ9
3507,N624UX,E75L
3508,A7-BAE,B77W
3509,ET-AOO,B788
3510,N356FR,A20N
3511,N277NV,A320
3512,N278FE,B763
3513,CS-TXB,A21N
3514,N313UP,B763
3515,OH-LTT,A333
3516,N7862A,B737
3517,N259FE,B763
3518,N777AN,B772
3519,G-VDIA,B789
3520,N8917Q,B38M
3521,G-VIIY,B772
3522,TC-LJF,B77W
3523,N745AV,A320
3524,B-LRC,A359
3525,XA-VSF,A20N
3526,N562AV,A320
3527,N861NN,B738
3528,N76522,B738
3529,B-2425,B744
3530,N989AN,B738
3531,N956AV,A320
3532,N8745K,B38M
3533,N729YX,E75L
3534,N925AN,B738
3535,N7875A,B737
3536,N341RW,B38M
3537,N8582Z,B738
3538,N3058J,BCS3
3539,N606FX,E550
3540,N189DN,B763
3541,N8937Q,B38M
3542,N77536,B738
3543,N142DU,BCS1
3544,N8316H,B738
3545,N937AN,B738
3546,N610FR,A21N
3547,N187FE,B763
3548,N386UP,B763
3549,N965NN,B738
3550,N16703,B737
3551,N377UP,B763
3552,N564FX,CL35
3553,N861DN,B739
3554,G-VLDY,A339
3555,N343SY,B38M
3556,N854DN,B739
3557,N354FR,A20N
3558,N713TW,B752
3559,N694DL,B752
3560,N449FX,E545
3561,N8929S,B38M
3562,N427WN,B737
3563,N9022G,A319
3564,N434AS,B739
3565,N6702,B752
3566,N78524,B738
3567,N288SY,E75L
3568,N17347,B38M
3569,N85351,E75L
3570,N7740A,B737
3571,N376FR,A20N
3572,N286WN,B737
3573,N914NN,B738
3574,N913AK,B39M
3575,N619UX,E75L
3576,N7815L,B737
3577,N186US,A321
3578,N979RP,E170
3579,N488WN,B737
3580,N868DN,B739
3581,N866DN,B739
3582,N452WN,B737
3583,VT-JRA,A359
3584,N8556Z,B738
3585,N719AL,B39M
3586,N924NN,B738
3587,N24706,B737
3588,N401SX,C402
3589,N16234,B738
3590,N920DU,B739
3591,N267SY,E75L
3592,TC-JOJ,A333
3593,N744YX,E75L
3594,HP-9914CMP,B39M
3595,N34282,B738
3596,C-GUPL,BCS3
3597,N8565Z,B738
3598,C-GJIZ,CRJ9
3599,N265WN,B737
3600,N479WN,B737
3601,N275AK,B739
3602,N991NN,B738
3603,N307DU,BCS3
3604,N362FR,A20N
3605,N956AN,B738
3606,N8675A,B738
3607,XA-DAL,B38M
3608,N8302F,B738
3609,HB-JHI,A333
3610,CC-BGQ,B789
3611,C-FWSY,B737
3612,N8643A,B738
3613,N461AS,B739
3614,N431WN,B737
3615,N316SY,E75L
3616,OE-LAE,B763
3617,N934NN,B738
3618,N27283,B38M
3619,N803UA,A319
3620,N806NN,B738
3621,N7823A,B737
3622,N753AN,B772
3623,N726YX,E75L
3624,N8501V,B738
3625,N724UW,A319
3626,N849UA,A319
3627,N389AZ,B763
3628,N609UX,E75L
3629,ET-AOT,B788
3630,PH-BQI,B772
3631,N7846A,B737
3632,EC-NBE,A359
3633,B-LJI,B748
3634,N138FE,B763
3635,N727AN,B77W
3636,N257UP,MD11
3637,N288FE,B763
3638,4X-EDL,B789
3639,TC-JJZ,B77W
3640,N859GT,B748
3641,N567AV,A320
3642,HP-1839CMP,B738
3643,JA16KZ,B748
3644,N37281,B738
3645,N924WN,B737
3646,N858NN,B738
3647,N623JB,A320
3648,N33286,B738
3649,N77520,B738
3650,N8748Q,B38M
3651,N8870K,B38M
3652,N15712,B737
3653,N21723,B737
3654,HP-1821CMP,B738
3655,N167FE,B763
3656,N293UP,MD11
3657,N6714Q,B752
3658,N871UA,A319
3659,N379HA,A332
3660,N754AN,B772
3661,N165UP,A306
3662,C-FRJA,CRJ9
3663,N627JB,A320
3664,N969AN,B738
3665,N967AN,B738
3666,N900DU,B739
3667,N438WN,B737
3668,N505JB,A320
3669,N219CY,B763
3670,N135SY,E75L
3671,N566AS,B738
3672,N241BZ,BCS3
3673,N923WN,B737
3674,N104DU,BCS1
3675,N718TW,B752
3676,N14240,B738
3677,N852UA,A319
3678,N406GA,C402
3679,N317FR,A20N
3680,N817AW,A319
3681,N722AL,B39M
3682,N392FR,A20N
3683,N265SY,E75L
3684,N626NK,A320
3685,N328RR,B38M
3686,N850DN,B739
3687,HP-9921CMP,B39M
3688,N47291,B38M
3689,N756YX,E75L
3690,N368FR,A20N
3691,N8613K,B738
3692,N465WN,B737
3693,N408MC,B744
3694,N375DN,A321
3695,N895NN,B738
3696,N742YX,E75L
3697,N293AK,B739
3698,N624NK,A320
3699,N8706W,B38M
3700,N710FR,A321
3701,9K-AOH,B77W
3702,N765US,A319
3703,N8305E,B738
3704,N713CK,B744
3705,N8676A,B738
3706,N891UA,A319
3707,EC-LUK,A333
3708,N936AK,B39M
3709,C-FRYV,B38M
3710,F-HUVB,A359
3711,N335FX,E545
3712,N8757L,B38M
3713,LX-VCG,B748
3714,N47281,B38M
3715,N741NK,A21N
3716,N7750A,B737
3717,N8321D,B738
3718,B-221W,B77L
3719,G-ZBLJ,B78X
3720,TF-ICA,B39M
3721,N831MH,B764
3722,N836UA,A319
3723,N937WN,B737
3724,N505DZ,A21N
3725,9V-SGC,A359
3726,N373UP,B763
3727,N766AV,A20N
3728,N436UA,A320
3729,N86324,E75L
3730,B-LXR,A35K
3731,N86350,E75L
3732,N834SY,B738
3733,N477WN,B737
3734,N967AK,B39M
3735,N872DN,B739
3736,N989NK,A20N
3737,N732YX,E75L
3738,F-HTYG,A359
3739,CC-BGT,B789
3740,N408DX,A339
3741,OO-SFD,A333
3742,N874UA,A319
3743,A6-EUA,A388
3744,B-LRB,A359
3745,N483UA,A320
3746,G-DHLR,B763
3747,HK-5378,A20N
3748,N827UA,A319
3749,N145UP,A306
3750,N385UP,B763
3751,N448UA,A320
3752,N808NN,B738
3753,B-LXF,A35K
3754,N566WN,B737
3755,N316PF,B738
3756,N17289,B38M
3757,N80348,E75L
3758,N978NK,A20N
3759,A6-EUS,A388
3760,N132SY,E75L
3761,N830SY,B738
3762,XXB,A359
3763,N730US,A319
3764,N823UA,A319
3765,N218WN,B737
3766,N827NN,B738
3767,N863RW,E170
3768,N102UW,A320
3769,N336QT,A332
3770,N848DN,B739
3771,N729JB,A320
3772,N409AS,B739
3773,N904WN,B737
3774,N885BP,B788
3775,F-HUVI,A359
3776,N924NK,A20N
3777,OO-SFE,A333
3778,CC-BGJ,B789
3779,N8684F,B738
3780,F-GSQK,B77W
3781,N326UP,B763
3782,A6-EEH,A388
3783,B-LJF,B748
3784,B-LRJ,A359
3785,A7-AMK,A359
3786,N536AV,A320
3787,HL7421,B744
3788,N473UA,A320
3789,N82338,E75L
3790,N8306H,B738
3791,N18243,B738
3792,N37297,B38M
3793,N871HK,B38M
3794,N377DA,B738
3795,N7831B,B737
3796,N67171,B752
3797,N364NW,A320
3798,N948NN,B738
3799,N801DZ,B739
3800,N394DA,B738
3801,N133UP,A306
3802,N8722L,B38M
3803,N378HA,A332
3804,N27258,B38M
3805,A6-EUV,A388
3806,N883DN,B739
3807,N464AS,B739
3808,N646NK,A320
3809,N317CM,B763
3810,N755US,A319
3811,N302SY,E75L
3812,B-18777,B77L
3813,N119SY,E75L
3814,N593AS,B738
3815,N807NN,B738
3816,N394DX,A321
3817,N238WN,B737
3818,TC-JNJ,A333
3819,N634FR,A21N
3820,N310SY,E75L
3821,HK-5360,A20N
3822,N494WN,B737
3823,N17355,B38M
3824,B-KPU,B77W
3825,C-GJYI,BCS3
3826,N938WN,B737
3827,N323NB,A319
3828,D-ANRJ,A339
3829,N996NN,B738
3830,A6-EOC,A388
3831,N818AL,B788
3832,F-HUVE,A359
3833,N428AS,B739
3834,N892UA,A319
3835,N732NK,A21N
3836,CC-BBG,B788
3837,N841AN,B789
3838,N379DA,B738
3839,N324US,A320
3840,XXB,E75S
3841,TF-ICB,B39M
3842,B-LRS,A359
3843,N77259,B38M
3844,N466UA,A320
3845,N828AW,A319
3846,N458WN,B737
3847,N128UP,A306
3848,N37308,B38M
3849,N540GJ,CRJ7
3850,N909WN,B737
3851,N273JB,E190
3852,N860DN,B739
3853,N418WN,B737
3854,N323FR,A20N
3855,N76265,B738
3856,N839UA,A319
3857,N8630B,B738
3858,N14735,B737
3859,N983NK,A20N
3860,N8301J,B738
3861,B-KQI,B77W
3862,N837UA,A319
3863,N818NN,B738
3864,N423AS,B739
3865,N526AS,B738
3866,D-AIXY,A359
3867,OO-SFP,A333
3868,N486UA,A320
3869,N8895Q,B38M
3870,N39726,B737
3871,N357PV,B738
3872,N7858A,B737
3873,N399HA,A332
3874,A7-BER,B77W
3875,N722US,A319
3876,N711ZX,B752
3877,N932AK,B39M
3878,N933AN,B738
3879,N841SY,B738
3880,N907DN,B739
3881,N899DN,B739
3882,N8688J,B738
3883,N824UA,A319
3884,N938NN,B738
3885,N104UW,A320
3886,N8512U,B738
3887,N755YX,E75L
3888,N866NN,B738
3889,N804AN,B788
3890,F-GSQY,B77W
3891,B-222J,B77L
3892,N721FR,A321
3893,ET-AOU,B788
3894,9V-SGF,A359
3895,N319UP,B763
3896,XA-VRK,A20N
3897,B-2422,B744
3898,N7733B,B737
3899,N244WN,B737
3900,N256WN,B737
3901,N6704Z,B752
3902,N373DA,B738
3903,N76523,B738
3904,N37277,B738
3905,XXB,32S
3906,N15710,B737
3907,N316DU,BCS3
3908,N126UP,A306
3909,N967NN,B738
3910,N864NN,B738
3911,N352UP,B763
3912,N39728,B737
3913,N928NN,B738
3914,HP-1846CMP,B738
3915,N702TW,B752
3916,N211WN,B737
3917,N852NN,B738
3918,B-LRO,A359
3919,N815AW,A319
3920,N266AK,B739
3921,N258WN,B737
3922,N389HA,A332
3923,N76526,B738
3924,N462WN,B737
3925,N86336,E75L
3926,N960AN,B738
3927,N914DU,B739
3928,N120SY,E75L
3929,N363FR,A20N
3930,N915AN,B738
3931,A6-EVG,A388
3932,VT-AEF,B77L
3933,N916DU,B739
3934,N454WN,B737
3935,N763US,A319
3936,N319SY,E75L
3937,N749US,A319
3938,N273AK,B739
3939,N323US,A320
3940,TC-JOI,A333
3941,N912DU,B739
3942,N931AV,A20N
3943,N612NK,A320
3944,N314DU,BCS3
3945,N969NN,B738
3946,N651AW,A320
3947,N745YX,E75L
3948,N242WN,B737
3949,N14219,B738
3950,N927WN,B737
3951,N854UA,A319
3952,D-AIHF,A346
3953,C-FEIX,E75S
3954,N660NK,A321
3955,N757YX,E75L
3956,EI-HPA,A339
3957,N37342,B38M
3958,N8699A,B738
3959,N881BK,B788
3960,EC-LZX,A333
3961,N492AS,B739
3962,N293PQ,CRJ9
3963,C-FEWJ,B38M
3964,PH-BVI,B77W
3965,N235FR,A320
3966,N483WN,B737
3967,N822AN,B789
3968,JY-BAG,B788
3969,EI-LRG,A21N
3970,N348UP,B763
3971,TC-JJS,B77W
3972,B-16728,B77W
3973,HK-5422,A320
3974,N967AV,A20N
3975,N477UA,A320
3976,N906NN,B738
3977,EI-GZA,B38M
3978,N17244,B738
3979,N37352,B38M
3980,N341NW,A320
3981,N334NB,A319
3982,N997NN,B738
3983,N151FE,B763
3984,N924AN,B738
3985,N364NB,A319
3986,XXB,A339
3987,HP-1835CMP,B738
3988,N390CA,CRJ7
3989,N268WN,B737
3990,N925DZ,B739
3991,N727TW,B752
3992,N324RA,B38M
3993,N921AK,B39M
3994,N306SW,B38M
3995,N57286,B38M
3996,C-FNJZ,CRJ9
3997,N880DN,B739
3998,N134SY,E75L
3999,A7-BEF,B77W
4000,N436WN,B737
4001,N529AS,B738
4002,N7722B,B737
4003,N842UA,A319
4004,N359DN,A321
4005,N806AW,A319
4006,N619NK,A320
4007,N16713,B737
4008,A6-APE,A388
4009,B-KQJ,B77W
4010,N491UA,A320
4011,N323DU,BCS3
4012,HP-9932CMP,B39M
4013,N109DN,A321
4014,N299WN,B737
4015,N816UA,A319
4016,N17327,B38M
4017,N419WN,B737
4018,N87302,E75L
4019,B-7349,B77W
4020,N748YX,E75L
4021,N281AK,B739
4022,N758YX,E75L
4023,N547FX,CL30
4024,N672NK,A321
4025,N8519R,B738
4026,9K-AOM,B77W
4027,C-GWCM,B737
4028,N435AS,B739
4029,PH-BQN,B772
4030,N353NW,A320
4031,D-AIXZ,A359
4032,TC-LJM,B77L
4033,N879UA,A319
4034,N766US,A319
4035,N424FX,E545
4036,N289CT,B737
4037,N971AK,B39M
4038,N351UP,B763
4039,A6-EEO,A388
4040,A7-ANH,A35K
4041,N460UA,A320
4042,N8508W,B738
4043,N937AV,A20N
4044,A6-EUK,A388
4045,N914AN,B738
4046,N977AK,B39M
4047,N823DN,B739
4048,N7820L,B737
4049,N495AS,B739
4050,N761QS,CL30
4051,N743YX,E75L
4052,N8744B,B38M
4053,N825NW,A333
4054,N468AS,B739
4055,N810AN,B788
4056,N8855Q,B38M
4057,N233LV,B737
4058,N755AN,B772
4059,N595JB,A320
4060,XXB,A35K
4061,B-LXM,A35K
4062,N326SY,E75L
4063,N360HA,A332
4064,N566JB,A320
4065,N275WN,B737
4066,N86344,E75L
4067,N497WN,B737
4068,N875BD,B788
4069,VH-ZNM,B789
4070,N920AK,B39M
4071,N31MG,C208
4072,N829AN,B789
4073,HL7420,B744
4074,N482UA,A320
4075,N411AE,A320
4076,N8679A,B738
4077,N983AN,B738
4078,N994NN,B738
4079,N77538,B738
4080,N16701,B737
4081,N3733Z,B738
4082,N103DU,BCS1
4083,N759AM,B38M
4084,N354NB,A319
4085,N847DN,B739
4086,N631FR,A21N
4087,N836DN,B739
4088,N891DN,B739
4089,N70020,A319
4090,N699DL,B752
4091,B-LXL,A35K
4092,HP-1840CMP,B738
4093,N461UA,A320
4094,N8808Q,B38M
4095,N479UA,A320
4096,N520GJ,CRJ7
4097,N8812Q,B38M
4098,A7-BED,B77W
4099,N863DN,B739
4100,N884DN,B739
4101,N804DN,B739
4102,N959WN,B737
4103,N8867Q,B38M
4104,N715UW,A319
4105,JA09WJ,A35K
4106,N156SY,E75L
4107,N952AA,B738
4108,TC-JOE,A333
4109,HP-9920CMP,B39M
4110,N8802Q,B38M
4111,N656RW,E170
4112,N27261,B38M
4113,XA-VXK,A21N
4114,N8716B,B38M
4115,N828DN,B739
4116,F-HUVL,A359
4117,N477AS,B739
4118,PH-BHI,B789
4119,N422DZ,A339
4120,CC-BGB,B789
4121,C-GMIQ,B38M
4122,HB-JHM,A333
4123,ET-ARE,B788
4124,A6-EEZ,A388
4125,A6-EOD,A388
4126,B-LRX,A359
4127,N85358,E75L
4128,N317UP,B763
4129,N8549Z,B738
4130,N141UP,A306
4131,A6-EVS,A388
4132,N243WN,B737
4133,N255WN,B737
4134,N512AS,B738
4135,N8878L,B38M
4136,N471AS,B739
4137,N903NK,A20N
4138,N800AN,B788
4139,N829UA,A319
4140,A6-EEF,A388
4141,B-LRT,A359
4142,N439UA,A320
4143,N38727,B737
4144,N8532S,B738
4145,N425LV,B737
4146,N380HA,A332
4147,N88341,E75L
4148,A6-EVN,A388
4149,VT-AEM,B77W
4150,N901NK,A20N
4151,N8552Z,B738
4152,N762AV,A20N
4153,N8551Q,B738
4154,N832UA,A319
4155,N751YX,E75L
4156,N663AW,A320
4157,N7843A,B737
4158,N8733M,B38M
4159,N88326,E75L
4160,N274AK,B739
4161,N315NB,A319
4162,N8574Z,B738
4163,B-16729,B77W
4164,N664AV,A320
4165,HK-5388,A20N
4166,N927AN,B738
4167,N856DN,B739
4168,N346PR,B738
4169,N8711Q,B38M
4170,N114FE,B763
4171,N25705,B737
4172,N740UW,A319
4173,N3757D,B738
4174,N7881A,B737
4175,N898UA,A319
4176,N87339,E75L
4177,N303SY,E75L
4178,N467AS,B739
4179,N227WN,B737
4180,N894DN,B739
4181,N377NW,A320
4182,N913WN,B737
4183,N494BC,C402
4184,N8698B,B738
4185,N29717,B737
4186,N8631A,B738
4187,XA-VIP,A20N
4188,N8626B,B738
4189,N328NB,A319
4190,N8928Q,B38M
4191,C-FJZD,CRJ9
4192,HB-JHJ,A333
4193,N812DN,B739
4194,N905AV,A20N
4195,N8815L,B38M
4196,N872NN,B738
4197,N687NK,A321
4198,N371UP,B763
4199,N922NN,B738
4200,N7721E,B737
4201,N386HA,A332
4202,N8609A,B738
4203,N917NN,B738
4204,N416WN,B737
4205,N8317M,B738
4206,N8647A,B738
4207,N270SY,E75L
4208,HB-JHF,A333
4209,N883UA,A319
4210,N609NK,A320
4211,N88301,E75L
4212,EI-LRF,A21N
4213,N457UA,A320
4214,N330DU,BCS3
4215,N9002U,A319
4216,N447WN,B737
4217,N8938Q,B38M
4218,N741YX,E75L
4219,N332NB,A319
4220,N460WN,B737
4221,RP-C7778,B77W
4222,A6-EUT,A388
4223,N438UA,A320
4224,N945CA,P212
4225,N88332,E75L
4226,N864RW,E170
4227,N880BJ,B788
4228,N880UA,A319
4229,VH-ZNB,B789
4230,F-HUVJ,A359
4231,XXB,A320
4232,A6-EOM,A388
4233,B-LJH,B748
4234,B-7588,B77W
4235,N156UP,A306
4236,A7-ANO,A35K
4237,N3748Y,B738
4238,N77537,B738
4239,N37700,B738
4240,N142UP,A306
4241,N895DN,B739
4242,N8583Z,B738
4243,N503GJ,CRJ7
4244,N307SY,E75L
4245,N17344,B38M
4246,N909AN,B738
4247,N160SY,E75L
4248,N283SY,E75L
4249,N8732S,B38M
4250,N953AK,B39M
4251,EC-MXV,A359
4252,N14249,B738
4253,N833UA,A319
4254,F-HUVO,A359
4255,N293SY,E75L
4256,N436TW,PC12
4257,N317NB,A319
4258,N172UP,A306
4259,N27722,B737
4260,N481AS,B739
4261,N8513F,B738
4262,N640RW,E170
4263,N89315,E75L
4264,B-LQH,A359
4265,N27734,B737
4266,A6-EVE,A388
4267,N114UW,A320
4268,N463UA,A320
4269,N815AA,B788
4270,N330UP,B763
4271,VT-ALT,B77W
4272,N962WN,B737
4273,N708CK,B744
4274,N272AK,B739
4275,9K-AOF,B77W
4276,EI-EIL,A333
4277,N87303,E75L
4278,N8313F,B738
4279,N192UW,A321
4280,N259WN,B737
4281,N8861Q,B38M
4282,N807UA,A319
4283,N756AM,B772
4284,N939AV,A320
4285,JA11KZ,B748
4286,N256FE,B763
4287,N366NW,A320
4288,N287UP,MD11
4289,N775DE,B738
4290,N906DN,B739
4291,N351FR,A20N
4292,N8531Q,B738
4293,N17336,B38M
4294,N763CK,B763
4295,N789AN,B772
4296,N82333,E75L
4297,HZ-AK39,B77W
4298,N360FR,A20N
4299,N284WN,B737
4300,N8915Q,B38M
4301,N240BZ,BCS3
4302,N709AL,B39M
4303,N834AW,A319
4304,N470WN,B737
4305,EC-NIS,A359
4306,N304SY,E75L
4307,N474WN,B737
4308,N650AW,A320
4309,N8817L,B38M
4310,N8920Q,B38M
4311,N8742M,B38M
4312,N128AM,B789
4313,N37354,B38M
4314,N8623F,B738
4315,N475MC,B744
4316,N680NK,A321
4317,N742CK,B744
4318,EI-HJR,A339
4319,XA-SRI,B38M
4320,C-FKWJ,B738
4321,N326FR,A20N
4322,N349PQ,CRJ9
4323,N923NK,A20N
4324,G-ZBLE,B78X
4325,N783AN,B772
4326,N8803L,B38M
4327,TF-ICL,B38M
4328,N607AZ,B763
4329,N943WN,B737
4330,N337NW,A320
4331,N7737E,B737
4332,9V-SWY,B77W
4333,N803AW,A319
4334,N7861J,B737
4335,N240WN,B737
4336,C-GMIW,B38M
4337,N190FE,B763
4338,A6-EEI,A388
4339,N157SY,E75L
4340,N145FE,B763
4341,XXB,A306
4342,N294UP,MD11
4343,OH-LTP,A333
4344,TC-JJR,B77W
4345,D-AALL,B77L
4346,N385FR,A20N
4347,B-LXH,A35K
4348,N442WN,B737
4349,N348FR,A20N
4350,N916NN,B738
4351,N438TW,PC12
4352,XA-MAZ,B39M
4353,N661FX,GLF6
4354,N309PC,B738
4355,N8739L,B38M
4356,N8875B,B38M
4357,N195FE,B763
4358,N278UP,MD11
4359,N661NK,A321
4360,N378UP,B763
4361,N371NB,A319
4362,N801UA,A319
4363,HP-1842CMP,B738
4364,N453AS,B739
4365,OE-LRG,B744
4366,N914WN,B737
4367,N821NN,B738
4368,N8838Q,B38M
4369,N774AN,B772
4370,N14237,B738
4371,N8659D,B738
4372,TC-JOF,A333
4373,N747YX,E75L
4374,N8644C,B738
4375,4X-ERC,B788
4376,N805AW,A319
4377,N657RW,E170
4378,N564WN,B737
4379,N7869A,B737
4380,N85323,E75L
4381,N708FR,A321
4382,N622NK,A320
4383,N8674B,B738
4384,EI-NEW,B789
4385,N17346,B38M
4386,N8528Q,B738
4387,N814UA,A319
4388,C-GWRG,B738
4389,CC-BGH,B789
4390,N327FX,E545
4391,N747UW,A319
4392,D-ANRG,A339
4393,TF-ICD,B39M
4394,N656FX,GLF6
4395,TC-LJG,B77W
4396,N479AZ,B763
4397,N837AW,A319
4398,ZK-NZM,B789
4399,G-STBN,B77W
4400,N276WN,B737
4401,JY-BAC,B788
4402,N484FX,GLF4
4403,C-FJZN,CRJ9
4404,N133FE,B763
4405,A6-EOW,A388
4406,N935WN,B737
4407,N862GT,B748
4408,A6-EDN,A388
4409,B-18007,B77W
4410,N752AN,B772
4411,N550VL,A20N
4412,N452PA,B744
4413,N87337,E75L
4414,N47340,B38M
4415,N461WN,B737
4416,HK-5410,A20N
4417,N908WN,B737
4418,N76505,B738
4419,HL8077,B77L
4420,N34222,B738
4421,N130UP,A306
4422,N322UP,B763
4423,N715NK,A21N
4424,N271FE,B763
4425,VQ-BVC,B748
4426,HP-1730CMP,B738
4427,N645FR,A21N
4428,N553AS,B738
4429,N760AN,B772
4430,N462UA,A320
4431,XXB,E75L
4432,N317DN,A321
4433,N562AS,B738
4434,N801AW,A319
4435,N876DN,B739
4436,N73251,B738
4437,N429MC,B744
4438,N7865A,B737
4439,N348NW,A320
4440,N790TX,C56X
4441,TC-JNT,A333
4442,N593FX,CL35
4443,N17752,B737
4444,N769YX,E75L
4445,N705CK,B744
4446,N87318,E75L
4447,N468FX,GLF4
4448,N398DA,B738
4449,N334QT,A332
4450,N474AS,B739
4451,N78285,B738
4452,D-ANRA,A339
4453,N679NK,A321
4454,N905AN,B738
4455,N855UA,A319
4456,N8939Q,B38M
4457,N381FR,A20N
4458,F-GSQV,B77W
4459,N14235,B738
4460,G-VSRB,A339
4461,VH-ZNF,B789
4462,N296WN,B737
4463,G-STBH,B77W
4464,CN-RGC,B788
4465,N450PA,B744
4466,A7-BES,B77W
4467,N835AN,B789
4468,N8651A,B738
4469,N953WN,B737
4470,N275FE,B763
4471,N709CK,B744
4472,N365UP,B763
4473,B-LIA,B744
4474,B-2029,B77W
4475,TC-JJO,B77W
4476,N8794Q,B38M
4477,N930DZ,B739
4478,N241WN,B737
4479,N951AV,A320
4480,N7860A,B737
4481,N874NN,B738
4482,N309DU,BCS3
4483,N692DL,B752
4484,N87531,B738
4485,HP-1829CMP,B738
4486,N686NK,A321
4487,N637NK,A320
4488,N233JQ,E75L
4489,N12167,E45X
4490,N420WN,B737
4491,N963NK,A20N
4492,N316RK,B38M
4493,N572FX,CL35
4494,N929DZ,B739
4495,N220BZ,BCS3
4496,N535AS,B738
4497,N811DZ,B739
4498,N391CM,B763
4499,N354PT,B738
4500,N737US,A319
4501,B-18776,B77L
4502,N8832H,B38M
4503,N839DN,B739
4504,N614CZ,E75S
4505,N121UW,A320
4506,N8901Q,B38M
4507,N782AM,B788
4508,N14168,E45X
4509,N302UD,B38M
4510,N8876Q,B38M
4511,N264LV,B737
4512,D-AIHY,A346
4513,N725AL,B39M
4514,D-ANRM,A339
4515,N8673F,B738
4516,EI-GZE,B38M
4517,N8571Z,B738
4518,N936AN,B738
4519,TF-ICI,B38M
4520,EC-MOU,A332
4521,N961AK,B39M
4522,N537GJ,CRJ7
4523,XXB,B739
4524,9V-SWM,B77W
4525,EC-NSC,A359
4526,ET-AOP,B788
4527,D-AIGM,A343
4528,A6-EEV,A388
4529,HP-9902CMP,B39M
4530,HP-1844CMP,B738
4531,C-FOJZ,CRJ9
4532,N8886C,B38M
4533,N65832,B739
4534,N7735A,B737
4535,N90024,A319
4536,N8606C,B738
4537,N263FE,B763
4538,N388UP,B763
4539,N8326F,B738
4540,N21144,E45X
4541,N419AZ,B763
4542,N455QS,GLF4
4543,N7715E,B737
4544,HZ-AK25,B77W
4545,N27304,B38M
4546,N961NN,B738
4547,N570AS,B738
4548,TC-MCZ,A332
4549,N200WN,B737
4550,N276SY,E75L
4551,TC-LNF,A333
4552,N214WN,B737
4553,XA-VXE,A21N
4554,N658FX,GLF6
4555,N8810L,B38M
4556,N427AN,A21N
4557,A7-BFQ,B77L
4558,HP-9917CMP,B39M
4559,N8660A,B738
4560,N8736J,B38M
4561,N17264,B38M
4562,D-AIHT,A346
4563,N766CK,B744
4564,LX-TCV,B744
4565,CC-BGF,B789
4566,TF-ICF,B38M
4567,N216BZ,BCS3
4568,G-VSXY,A333
4569,N8816Q,B38M
4570,TF-ICJ,B38M
4571,N47332,B38M
4572,EC-OFM,A359
4573,N926WN,B737
4574,N664NK,A321
4575,N660FR,A21N
4576,TC-LLH,B789
4577,XA-VRW,A20N
4578,HL7616,B744
4579,XXB,B748
4580,N8869L,B38M
4581,N5879K,A333
4582,N915NN,B738
4583,N352NW,A320
4584,N76516,B738
4585,N37295,B38M
4586,B-LXN,A35K
4587,N915AK,B39M
4588,N6706Q,B752
4589,N3255J,BCS3
4590,N895UA,A319
4591,N780AN,B772
4592,N846DN,B739
4593,N7825A,B737
4594,N7724A,B737
4595,N910DU,B739
4596,N760US,A319
4597,N723YX,E75L
4598,N204WN,B737
4599,N126BZ,E190
4600,N259SY,E75L
4601,N2651S,C402
4602,B-7836,B789
4603,N887DN,B739
4604,N664AW,A320
4605,HP-9903CMP,B39M
4606,N324DU,BCS3
4607,N47360,B38M
4608,B-7347,B77W
4609,N975AK,B39M
4610,N8850Q,B38M
4611,D-ANRL,A339
4612,N368NB,A319
4613,N359NB,A319
4614,N246LV,B737
4615,N958AK,B39M
4616,N803NW,A333
4617,XA-CCN,B38M
4618,N8849Q,B38M
4619,D-AIXR,A359
4620,N823NN,B738
4621,PH-BHC,B789
4622,N446MC,B744
4623,N926AK,B39M
4624,TF-ICM,B38M
4625,G-STBE,B77W
4626,C-FMWJ,B737
4627,N765YX,E75L
4628,TC-JJJ,B77W
4629,N918DU,B739
4630,9V-SWI,B77W
4631,N733AR,B77W
4632,A7-BFU,B77L
4633,ET-ARF,B788
4634,N724AN,B77W
4635,N37318,B38M
4636,G-VWOO,B789
4637,N139FE,B763
4638,N189FE,B763
4639,N314UP,B763
4640,N716FR,A321
4641,XA-VRP,A20N
4642,HP-1845CMP,B738
4643,N54711,B737
4644,N1810U,B38M
4645,N329FX,E545
4646,N8518R,B738
4647,N925WN,B737
4648,N307UP,B763
4649,N3731T,B738
4650,N27724,B737
4651,N468UA,A320
4652,N8327A,B738
4653,N838AA,B789
4654,N384HA,A332
4655,N968WN,B737
4656,N219WN,B737
4657,N980NN,B738
4658,VT-ALU,B77W
4659,N450FX,GLF4
4660,N236AK,B739
4661,N389FR,A20N
4662,SU-GES,B789
4663,C-FEKD,E75S
4664,N772YX,E75L
4665,XA-VXD,A21N
4666,N748AM,B789
4667,N339FR,A20N
4668,N89321,E75L
4669,N337FR,A20N
4670,N86311,E75L
4671,N947AK,B39M
4672,N8860S,B38M
4673,N437FX,E545
4674,D-AIXS,A359
4675,N716CK,B744
4676,N1803U,B38M
4677,N8611F,B738
4678,N8720L,B38M
4679,C-GWJG,B737
4680,N8842L,B38M
4681,N37521,B39M
4682,N411DX,A339
4683,N724AL,B39M
4684,N8577Z,B738
4685,N920WN,B737
4686,N870AX,B788
4687,N750UW,A319
4688,N86309,E75L
4689,EC-NMZ,A359
4690,N209WN,B737
4691,CS-TXC,A21N
4692,N7844A,B737
4693,G-VBEL,B789
4694,N266FE,B763
4695,N310UP,B763
4696,N105FE,B763
4697,N352FR,A20N
4698,N412MC,B744
4699,HL7620,B744
4700,JA18KZ,B748
4701,N8715Q,B38M
4702,N7859B,B737
4703,N817NN,B738
4704,N327NW,A320
4705,N516FX,CL35
4706,N13227,B738
4707,N336NB,A319
4708,N435QS,GLF4
4709,N455FX,GLF4
4710,N530AS,B738
4711,VT-AEQ,B77W
4712,N410WN,B737
4713,N825BB,GALX
4714,N862DN,B739
4715,N469WN,B737
4716,C-GJAN,CRJ9
4717,N969WN,B737
4718,HP-9919CMP,B39M
4719,N966AM,B788
4720,N8891Q,B38M
4721,B-7369,B77W
4722,N8692F,B738
4723,N670NK,A321
4724,N37348,B38M
4725,N872AN,B788
4726,XA-GNS,B38M
4727,PH-BKO,B78X
4728,N987NN,B738
4729,C-FCTK,B38M
4730,N249WN,B737
4731,N271SY,E75L
4732,N318FR,A20N
4733,G-VIIW,B772
4734,9V-SNA,B77W
4735,N641AZ,B763
4736,N724NK,A21N
4737,G-VIIV,B772
4738,N900WN,B737
4739,N283WN,B737
4740,A6-EEE,A388
4741,N607FR,A21N
4742,D-AALB,B77L
4743,N284AV,A320
4744,N441WN,B737
4745,N7725A,B737
4746,N695DL,B752
4747,N537FX,CL35
4748,N37325,B38M
4749,N285FE,B763
4750,N381UP,B763
4751,HP-9909CMP,B39M
4752,N76519,B738
4753,N253WN,B737
4754,N287WN,B737
4755,C-FBJZ,CRJ9
4756,HL8075,B77L
4757,N371FX,E55P
4758,HL8360,A359
4759,UK78703,B788
4760,N250WN,B737
4761,N342FX,E545
4762,TC-JNM,A333
4763,N959NK,A20N
4764,N8578Q,B738
4765,N733YX,E75L
4766,N8620H,B738
4767,N8576Z,B738
4768,N942AK,B39M
4769,N951AA,B738
4770,N7874B,B737
4771,N912AK,B39M
4772,C-FWSX,B737
4773,N975UY,A321
4774,N1049A,B763
4775,XXB,B789
4776,9V-SWH,B77W
4777,C-FSEQ,B38M
4778,N720AN,B77W
4779,TC-JJG,B77W
4780,ET-ATK,B788
4781,N162FE,B763
4782,CS-TSJ,A21N
4783,N166UP,A306
4784,N320UP,B763
4785,CS-TXK,A21N
4786,N7876A,B737
4787,N177FE,B763
4788,N220CY,B763
4789,N736AT,B77W
4790,XA-VRZ,A20N
4791,N446WN,B737
4792,N851NN,B738
4793,N512FX,CL35
4794,N67350,B38M
4795,N339UP,B763
4796,N119FE,B763
4797,A7-BEN,B77W
4798,N277WN,B737
4799,N76514,B738
4800,N769US,A319
4801,B-1357,B789
4802,N335CA,P212
4803,TC-JNP,A333
4804,N520JB,A320
4805,A7-BFH,B77L
4806,N655AW,A320
4807,XA-VIB,A20N
4808,C-GJZT,CRJ9
4809,N969AK,B39M
4810,N902WN,B737
4811,D-ANRB,A339
4812,N234WN,B737
4813,N1802U,B38M
4814,N502FX,CL35
4815,N370FX,E55P
4816,C-GQWJ,B737
4817,N8635F,B738
4818,OO-SFH,A333
4819,N27274,B38M
4820,N448AS,B739
4821,N762US,A319
4822,N86347,E75L
4823,TC-LJS,B77L
4824,N7887A,B737
4825,EC-OCR,A359
4826,N36280,B738
4827,PH-BVK,B77W
4828,N948WN,B737
4829,ET-AOR,B788
4830,D-AIFC,A343
4831,N751AN,B772
4832,A6-EOL,A388
4833,B-7183,B77W
4834,D-AALA,B77L
4835,N776AN,B772
4836,N902AV,A20N
4837,XA-VRT,A20N
4838,N151UP,A306
4839,N8694E,B738
4840,N924AK,B39M
4841,N806UA,A319
4842,N687DL,B752
4843,N8308K,B738
4844,N370NB,A319
4845,N457WN,B737
4846,N21154,E45X
4847,N213BZ,BCS3
4848,N922DZ,B739
4849,N721UW,A319
4850,N26156,C402
4851,N302SA,B38M
4852,TC-JOH,A333
4853,XA-VXO,A21N
4854,N576FX,CL35
4855,N286SY,E75L
4856,N17306,B38M
4857,D-ANRF,A339
4858,N11150,E45X
4859,N917AK,B39M
4860,N714FR,A321
4861,N8797Q,B38M
4862,EI-XIN,B789
4863,N972AK,B39M
4864,F-GSPQ,B772
4865,N485UA,A320
4866,N945WN,B737
4867,N8539V,B738
4868,TC-MCU,A332
4869,N301UC,B38M
4870,N967NK,A20N
4871,EC-MMG,A332
4872,ET-AOS,B788
4873,A7-BAM,B77W
4874,G-VNVR,A35K
4875,VH-ZNK,B789
4876,N850GT,B748
4877,B-18055,B77W
4878,B-LRP,A359
4879,9H-AKA,B744
4880,N446AV,A320
4881,N1809U,B38M
4882,N8905Q,B38M
4883,N891NN,B738
4884,N7744A,B737
4885,N8735L,B38M
4886,N47288,B38M
4887,N712CK,B744
4888,N340UP,B763
4889,N395DN,B738
4890,HP-1831CMP,B738
4891,A7-BFB,B77L
4892,N723AL,B39M
4893,N14198,E45X
4894,N994NK,A20N
4895,N721TW,B752
4896,N332FR,A20N
4897,N7847A,B737
4898,N7867A,B737
4899,N820DN,B739
4900,N812UA,A319
4901,N969CA,P212
4902,C-GDJZ,CRJ9
4903,N8912Q,B38M
4904,TC-JNS,A333
4905,N8933Q,B38M
4906,XA-VYF,A320
4907,N444WN,B737
4908,N8788L,B38M
4909,N934AK,B39M
4910,N990AK,B39M
4911,N433DX,A339
4912,C-FJZL,CRJ9
4913,N8826Q,B38M
4914,N37307,B38M
4915,C-GWBJ,B737
4916,N830AW,A319
4917,LN-RKO,A333
4918,N12225,B738
4919,N816NW,A333
4920,N917WN,B737
4921,N778YX,E75L
4922,D-AIGX,A343
4923,D-AALG,B77L
4924,TC-LJA,B77W
4925,A7-AMI,A359
4926,JA14KZ,B748
4927,N8927Q,B38M
4928,N27205,B738
4929,N8900L,B38M
4930,N388FX,E55P
4931,N3751B,B738
4932,N723NK,A21N
4933,XXB,A21N
4934,N818AW,A319
4935,N497UA,A320
4936,N89357,E75L
4937,N944WN,B737
4938,HZ-AK27,B77W
4939,N8307K,B738
4940,N319US,A320
4941,N449WN,B737
4942,N8645A,B738
4943,B-7838,B789
4944,N966WN,B737
4945,N445UA,A320
4946,N89349,E75L
4947,N3251J,BCS3
4948,D-ANRC,A339
4949,N27292,B38M
4950,EC-LUB,A333
4951,N8687A,B738
4952,B-222H,B77L
4953,N473MC,B744
4954,N296AK,B739
4955,N7845A,B737
4956,N8579Z,B738
4957,N834UA,A319
4958,N377FR,A20N
4959,N347AZ,B763
4960,ET-AOQ,B788
4961,N555LV,B737
4962,N180FE,B763
4963,D-AIFD,A343
4964,N269FE,B763
4965,N146FE,B763
4966,N138UP,A306
4967,TC-JJT,B77W
4968,F-GSPG,B772
4969,B-LRA,A359
4970,XA-VSG,A20N
4971,HP-1729CMP,B738
4972,N7848A,B737
4973,N8847Q,B38M
4974,N519JB,A320
4975,N582FX,CL35
4976,N77258,B738
4977,N33209,B738
4978,N338UP,B763
4979,N185FE,B763
4980,N573FX,CL35
4981,N449UA,A320
4982,N224WN,B737
4983,N831DN,B739
4984,N317FX,E545
4985,N751UW,A319
4986,N8665D,B738
4987,N437WN,B737
4988,N960AK,B39M
4989,N230FR,A320
4990,TC-JNN,A333
4991,N517FX,CL30
4992,N954AN,B738
4993,N331FX,E55P
4994,N709NK,A21N
4995,N8710M,B38M
4996,XXB,B744
4997,F-HUVH,A359
4998,N467WN,B737
4999,N288AK,B739
5000,N17331,B38M
5001,9V-SNB,B77W
5002,N311AZ,B763
5003,N262WN,B737
5004,N919AK,B39M
5005,EI-XLR,A21N
5006,G-VNEW,B789
5007,N384UP,B763
5008,HP-9907CMP,B39M
5009,N920CG,A20N
5010,N8818Q,B38M
5011,N369UP,B763
5012,N8765Q,B38M
5013,N330FR,A20N
5014,A6-EUW,A388
5015,N8762Q,B38M
5016,N261WN,B737
5017,N838AW,A319
5018,N383DN,B738
5019,N279WN,B737
5020,N802AW,A319
5021,N7723E,B737
5022,N668AW,A320
5023,N469FX,GLF4
5024,N524FX,CL30
5025,N813UA,A319
5026,B-7881,B77W
5027,N477MC,B744
5028,N8533S,B738
5029,N745CK,B744
5030,N565AS,B738
5031,N407DX,A339
5032,N17333,B38M
5033,XXB,PC12
5034,PT-MUC,B77W
5035,N17309,B38M
5036,N7856A,B737
5037,N861NW,A332
5038,N571AZ,B763
5039,N235WN,B737
5040,N7888A,B737
5041,N131UP,A306
5042,N166FE,B763
5043,A7-ALY,A359
5044,N429WN,B737
5045,N17321,B38M
5046,N173UP,A306
5047,N255FE,B763
5048,N383FX,E55P
5049,N353UP,B763
5050,4K-SW800,B744
5051,N535FX,CL30
5052,A7-BFV,B77L
5053,N764CK,B763
5054,N7832A,B737
5055,N383FR,A20N
5056,N465AN,A21N
5057,N825AW,A319
5058,C-GNGV,BCS3
5059,N475WN,B737
5060,N810DN,B739
5061,N8809L,B38M
5062,N8868L,B38M
5063,N659AW,A320
5064,TC-JOD,A333
5065,HP-9916CMP,B39M
5066,XA-ADL,B789
5067,N308FR,A20N
5068,C-GPWG,A320
5069,N8652B,B738
5070,CC-BGI,B789
5071,N816AA,B788
5072,N828NW,A333
5073,N525AS,B738
5074,9V-SWR,B77W
5075,N198UW,A321
5076,ET-ATG,B788
5077,B-2080,B77L
5078,N150UP,A306
5079,N144FE,B763
5080,N328UP,B763
5081,PH-BQD,B772
5082,N773AN,B772
5083,N506VL,A320
5084,N8828L,B38M
5085,N37290,B738
5086,N326FX,E545
5087,N37253,B738
5088,N8863Q,B38M
5089,N128UW,A320
5090,N171UP,A306
5091,N200NV,B738
5092,N918NN,B738
5093,N889UA,A319
5094,N586JB,A320
5095,N89342,E75L
5096,N306NY,B738
5097,N524AS,B738
5098,N7729A,B737
5099,N452UA,A320
5100,N206WN,B737
5101,N369FX,E55P
5102,N8509U,B738
5103,HP-9929CMP,B39M
5104,N8603F,B738
5105,N27263,B38M
5106,N8534Z,B738
5107,N8741L,B38M
5108,N8750Q,B38M
5109,N8511K,B738
5110,N18220,B738
5111,N304UF,B38M
5112,N418UA,A320
5113,N8919K,B38M
5114,PT-MUD,B77W
5115,N532FX,CL30
5116,N27270,B38M
5117,CC-BGA,B789
5118,N826AN,B789
5119,N926AN,B738
5120,N410DZ,A339
5121,TF-ICC,B39M
5122,9V-SWJ,B77W
5123,TC-JJY,B77W
5124,EC-NXE,A359
5125,EI-GAJ,A333
5126,N570WN,B737
5127,N283FE,B763
5128,XXB,A20N
5129,N262UP,MD11
5130,TC-LLY,B789
5131,XA-VSD,A20N
5132,N952WN,B737
5133,N37267,B738
5134,N17364,B38M
5135,N8831L,B38M
5136,N8909L,B38M
5137,N7743B,B737
5138,N17146,E45X
5139,A6-EVP,A388
5140,N204JQ,E75L
5141,N814DN,B739
5142,N115BZ,E190
5143,XA-VBV,A321
5144,HP-9925CMP,B39M
5145,XA-AMR,B788
5146,N226JQ,E75L
5147,B-16781,B77L
5148,D-AIGW,A343
5149,N225JQ,E170
5150,EC-MKI,A332
5151,N322NB,A319
5152,N820AL,B789
5153,C-GVUH,BCS3
5154,9V-SWZ,B77W
5155,N409AZ,B763
5156,N983AK,B39M
5157,N508FR,SB20
5158,A6-EDY,A388
5159,A6-EDW,A388
5160,HL8045,B77L
5161,N13750,B737
5162,N388FR,A20N
5163,N273FE,B763
5164,N27267,B38M
5165,N306UP,B763
5166,N17719,B737
5167,N6707A,B752
5168,N465UA,A320
5169,N305UP,B763
5170,N451UA,A320
5171,XXB,BCS3
5172,N719FR,A321
5173,N920NN,B738
5174,N700UW,A319
5175,C-GTZH,BCS3
5176,N365FR,A20N
5177,N6813J,C402
5178,SU-GER,B789
5179,N962AK,B39M
5180,N341FX,E55P
5181,HP-9918CMP,B39M
5182,A7-BTB,B77L
5183,N89313,E75L
5184,B-16788,B77L
5185,N601AW,A320
5186,N8856S,B38M
5187,N8719Q,B38M
5188,N188AM,B38M
5189,PT-MUI,B77W
5190,N240SY,E75L
5191,C-FBWJ,B737
5192,N8672F,B738
5193,N373FX,E55P
5194,N82314,E75L
5195,N746UW,A319
5196,N223BZ,BCS3
5197,N481FX,GLF4
5198,CN-RGB,B788
5199,N710CK,B744
5200,D-AALD,B77L
5201,N785AV,B788
5202,LX-VCB,B748
5203,N954AV,A320
5204,N8806Q,B38M
5205,N8729H,B38M
5206,N855RW,E170
5207,N414FX,E545
5208,A7-BAG,B77W
5209,A6-EVC,A388
5210,XA-VAQ,A320
5211,TC-MCM,A333
5212,N17262,B38M
5213,N297WN,B737
5214,B-2002,B77W
5215,N776DE,B738
5216,N351FX,E55P
5217,N8740A,B38M
5218,N939WN,B737
5219,N395FX,E55P
5220,C-FNVU,A320
5221,C-GNAM,BCS3
5222,TC-LJA,B38M
5223,N425DX,A333
5224,A6-EOO,A388
5225,N176FE,B763
5226,SP-LRB,B788
5227,XXB,A388
5228,XXB,B772
5229,HP-1824,B738
5230,N213JQ,E75L
5231,N230FR,A20N
5232,TC-JDO,A332
5233,N950AN,B738
5234,N223JQ,E75L
5235,N73259,B738
5236,N110HQ,E75L
5237,N101HQ,E170
5238,N177DN,A21N
5239,N135HQ,E170
5240,N401YX,E170
5241,N405YX,E75L
5242,N328FR,A20N
5243,N293FE,B763
5244,N430YX,E170
5245,N128HQ,E75L
5246,VQ-BWY,B748
5247,N111HQ,E75L
5248,N131HQ,E75L
5249,N238JQ,E75L
5250,N205JQ,E75L
5251,N246JQ,E170
5252,N133HQ,E75L
5253,N118HQ,E75L
5254,N124HQ,E75L
5255,N435AS,B39M
5256,N222JQ,E75L
5257,N373HA,A332
5258,N472UA,A320
5259,C-FBJZ,CRJ7
5260,N759AN,B772
5261,N224JQ,E170
5262,N403YX,E75L
5263,N426YX,E170
5264,N211JQ,E75L
5265,N136HQ,E170
5266,N440YX,E170
5267,N316FR,A20N
5268,XXB,B77W
5269,N129HQ,E75L
5270,N984AK,B39M
5271,N234JQ,E170
5272,N111HQ,E170
5273,N102HQ,E75L
5274,N138HQ,E75L
5275,N115HQ,E75L
5276,N338FR,A21N
5277,N134HQ,E75L
5278,N242JQ,E75L
5279,N300SY,E75L
5280,N117HQ,E75L
5281,N406YX,E75L
5282,N404YX,E75L
5283,N232JQ,E75L
5284,N649AW,A320
5285,N721YX,E170
5286,XA-AMX,B788
5287,A7-BFY,B77L
5288,N215WN,B737
5289,N37468,B739
5290,D-AIHW,A346
5291,N8858K,B38M
5292,N108HQ,E75L
5293,N8663A,B738
5294,N811UA,A319
5295,N877BF,B788
5296,C-GWJO,B737
5297,N103HQ,E170
5298,N440AS,B739
5299,CC-BBJ,B788
5300,G-ZBKB,B789
5301,XXB,B39M
5302,TF-ISW,B763
5303,CN-RGS,B788
5304,N257AZ,B763
5305,TC-JJN,B738
5306,N215JQ,E75L
5307,XXB,B78X
5308,N464WN,B737
5309,N284FE,B763
5310,G-VFAN,B789
5311,N192FE,B763
5312,N786AV,B788
5313,JA15KZ,B748
5314,N680NK,A21N
5315,N420YX,E170
5316,N948AV,A320
5317,N458UA,A320
5318,N164UP,A306
5319,N126HQ,E170
5320,N432YX,E170
5321,N201JQ,E170
5322,N374UP,B763
5323,N496UA,A320
5324,N107HQ,E170
5325,N14242,B738
5326,N218JQ,E75L
5327,N238FR,A20N
5328,N237JQ,E170
5329,N331FR,A21N
5330,N119HQ,E170
5331,C-GYFM,A321
5332,N767UW,A319
5333,N832SK,CRJ9
5334,N409YX,E170
5335,N122HQ,E75L
5336,N379FR,A21N
5337,N437YX,E170
5338,N922AN,A319
5339,N364FR,A21N
5340,B-2020,B77W
5341,N113HQ,E75L
5342,N137BZ,E295
5343,N403YX,E170
5344,B-223F,B77L
5345,N707AL,B39M
5346,N410YX,E170
5347,N313AZ,B763
5348,TC-JJF,B738
5349,N817NW,A333
5350,9V-SWU,B77W
5351,N132HQ,E75L
5352,A7-BEE,B77W
5353,N238FR,A21N
5354,N290FE,B763
5355,D-AIGL,A343
5356,N260FE,B763
5357,N125UP,A306
5358,N717FR,A21N
5359,N408YX,E75L
5360,N877DN,B739
5361,N17301,B38M
5362,N519JB,BCS3
5363,N8848Q,B38M
5364,N396DA,B738
5365,N971AT,B712
5366,N501FX,CL35
5367,N361HA,A332
5368,C-FTJZ,CRJ7
5369,XXB,B752
5370,N104HQ,E75L
5371,N511FX,CL30
5372,N137HQ,E75L
5373,N740YX,E75L
5374,N274WN,B737
5375,N702FR,A21N
5376,N977JE,A21N
5377,C-FYKC,A319
5378,N114HQ,E75L
5379,TC-JOL,A333
5380,N444UA,A320
5381,N195UW,A21N
5382,N229JQ,E75L
5383,N8668A,B38M
5384,N380FX,E55P
5385,N15710,B38M
5386,C-GLJZ,CRJ7
5387,N87360,E75L
5388,D-ANRK,A339
5389,N131HQ,E170
5390,PT-MUJ,B77W
5391,N391FR,A21N
5392,N7732A,B737
5393,C-GJLS,B738
5394,CC-BGD,B789
5395,N871AY,B788
5396,N88331,E75L
5397,TC-JJV,B738
5398,N443AZ,B763
5399,JY-BAF,B788
5400,G-VOOH,B789
5401,N135FE,B763
5402,N183FE,B763
5403,N310QS,E55P
5404,XXB,XXA
5405,N354UP,B763
5406,D-AALK,B77L
5407,B-16726,B77W
5408,XXB,B788
5409,XXB,B738
5410,HP-9906CMP,B39M
5411,N957AN,B738
5412,N8781Q,B38M
5413,N649JB,BCS3
5414,N492UA,A320
5415,N119NN,A321
5416,N123HQ,E75L
5417,XXB,763
5418,N660DL,B752
5419,N412YX,E75L
5420,N478UA,A320
5421,N77295,B738
5422,N825AA,B789
5423,N652JB,A21N
5424,N8555Z,B738
5425,N562FX,CL35
5426,N757AN,B772
5427,N731YX,E170
5428,N538AS,B738
5429,N109HQ,E75L
5430,N116HQ,E170
5431,N678JG,C402
5432,N773XF,A319
5433,N354FR,A21N
5434,B-KPD,B77W
5435,N8662F,B738
5436,N128HQ,E170
5437,N709FR,A21N
5438,N852QS,C700
5439,N807NW,A333
5440,XXB,BCS1
5441,N8805L,B38M
5442,N708NK,A21N
5443,EI-EJO,A332
5444,N802DN,B738
5445,N351DN,A21N
5446,N233FR,A21N
5447,PH-BVA,B77W
5448,N306PB,A320
5449,N69847,B739
5450,C-GVUO,BCS3
5451,N73283,B738
5452,N166NN,A321
5453,N1902U,A320
5454,N431YX,E170
5455,TF-FIN,B752
5456,9V-SNC,B77W
5457,N397AZ,B763
5458,N106HQ,E170
5459,EI-EIN,A333
5460,N207SY,E75L
5461,CC-CWY,B763
5462,B-2048,B77W
5463,D-AALT,B77L
5464,XA-VLP,A320
5465,N38424,B38M
5466,N169DZ,A21N
5467,N153UP,A306
5468,N178DN,A21N
5469,N196DN,A21N
5470,N122HQ,E170
5471,N469AS,B739
5472,N542US,B752
5473,N375HA,A332
5474,C-GJAZ,CRJ7
5475,N688DL,B752
5476,N306PB,B38M
5477,N383FR,A21N
5478,N748YX,E170
5479,N112HQ,E75L
5480,N76528,B738
5481,N662JB,BCS3
5482,N783AM,B788
5483,N37313,B38M
5484,N104HQ,E170
5485,N842DN,A21N
5486,N404YX,E170
5487,XA-MFO,B39M
5488,N903DN,A21N
5489,N812NW,A333
5490,N884AA,B788
5491,N990JL,A21N
5492,N499AZ,B763
5493,N403AS,B739
5494,ET-AXK,B789
5495,G-VAHH,B789
5496,N713FR,A21N
5497,D-AIGT,A343
5498,B-LJJ,B748
5499,B-16722,B77W
5500,N528VL,A20N
5501,N8800L,B38M
5502,N8658A,B738
5503,N168FE,B763
5504,N451AV,A320
5505,N345UP,B763
5506,N372DA,B738
5507,N8774Q,B38M
5508,N367FX,E55P
5509,N137UP,A306
5510,N8686A,B738
5511,N838UA,A319
5512,N8561Z,B738
5513,N455UA,A320
5514,N956XV,A21N
5515,TC-LNG,A333
5516,N422FX,E545
5517,N376FX,E55P
5518,N726NK,A21N
5519,A7-BFF,B77L
5520,B-16785,B77L
5521,N8893L,B38M
5522,C-FZRM,B738
5523,N17358,B38M
5524,CC-BGY,B789
5525,N605UX,E75L
5526,G-VLIB,A35K
5527,N233AZ,B763
5528,N146SY,E75L
5529,F-GZNU,B77W
5530,N415MC,B744
5531,N89304,E75L
5532,N8779Q,B38M
5533,N957AV,A320
5534,N18223,B738
5535,N820UA,A319
5536,LX-VCL,B748
5537,N387DA,B738
5538,N177XF,A319
5539,N13248,B738
5540,N27287,B38M
5541,N251SY,E75L
5542,N85340,E75L
5543,N229WN,B737
5544,A6-EVH,A388
5545,N853DN,B739
5546,N77518,B738
5547,N8903H,B38M
5548,N951XV,A21N
5549,N8897K,B38M
5550,N731NK,A21N
5551,N965AM,B788
5552,N320NB,A319
5553,B-2001,B77W
5554,N8550Q,B738
5555,N499WN,B737
5556,N332DU,BCS3
5557,N937AK,B39M
5558,C-GWSA,B738
5559,N425UA,A320
5560,N405FX,E545
5561,N8723Q,B38M
5562,C-GJXE,BCS3
5563,N433AZ,B763
5564,C-GMYU,BCS3
5565,ZK-NZR,B789
5566,CN-RHB,B789
5567,N121SY,E75L
5568,9V-SWB,B77W
5569,N658AW,A320
5570,G-ZBKN,B789
5571,N161FE,B763
5572,N8784Q,B38M
5573,N8573Z,B738
5574,N301PA,B738
5575,N963WN,B737
5576,N8311Q,B738
5577,N446UA,A320
5578,N317PG,B738
5579,N829DN,B739
5580,N374FX,E55P
5581,N8610A,B738
5582,N664FR,A21N
5583,N543US,B752
5584,N776XF,A319
5585,N300UB,B38M
5586,N3740C,B738
5587,N47330,B38M
5588,N8792Q,B38M
5589,HP-9901CMP,B39M
5590,N713AL,B39M
5591,N8322X,B738
5592,N17359,B38M
5593,D-AIKR,A333
5594,C-FWSK,B737
5595,9K-AOK,B77W
5596,N254SY,E75L
5597,N794CK,B77L
5598,C-GUPG,BCS3
5599,G-ZBKG,B789
5600,G-VLUV,A333
5601,N613AZ,B763
5602,N141SY,E75L
5603,N299FE,B763
5604,HB-JHN,A333
5605,N650FR,A21N
5606,A6-EOE,A388
5607,HL7646,B744
5608,N740NK,A21N
5609,N659DL,B752
5610,N548US,B752
5611,N392DA,B738
5612,N8323C,B738
5613,N613CZ,E75S
5614,N957XV,A21N
5615,N88335,E75L
5616,B-2025,B77W
5617,N37510,B39M
5618,N604FX,E550
5619,N25201,B738
5620,N8798Q,B38M
5621,PH-BVF,B77W
5622,C-GJXN,BCS3
5623,N260SY,E75L
5624,C-GVDP,BCS3
5625,N498UA,A320
5626,N549UW,A321
5627,N117SY,E75L
5628,N8857Q,B38M
5629,N137FE,B763
5630,D-AIGS,A343
5631,N793AV,B788
5632,N750AN,B772
5633,HP-9908CMP,B39M
5634,N551NW,B752
5635,N8725L,B38M
5636,N347UP,B763
5637,N257TW,PC12
5638,N8796L,B38M
5639,N443UA,A320
5640,N390HA,A332
5641,N595FX,CL35
5642,N809DN,B739
5643,N521FX,CL30
5644,TC-JNO,A333
5645,N154UW,A321
5646,N389FX,E55P
5647,N15751,B737
5648,N105UW,A320
5649,N716NK,A21N
5650,HP-9910CMP,B39M
5651,N531FX,CL30
5652,N421DX,A339
5653,N594FX,CL35
5654,N1805U,B38M
5655,N111FE,B763
5656,ET-ATH,B788
5657,EC-MKJ,A332
5658,N379UP,B763
5659,N775AN,B772
5660,XA-VRL,A20N
5661,N7738A,B737
5662,N87512,B738
5663,N341UP,B763
5664,N494UA,A320
5665,N106DU,BCS1
5666,N325SY,E75L
5667,N537AS,B738
5668,A6-EVM,A388
5669,N247GS,C402
5670,HL8359,A359
5671,N933AK,B39M
5672,N305DU,BCS3
5673,N8514F,B738
5674,N865RW,E170
5675,N712NK,A21N
5676,N37257,B38M
5677,B-222S,B77L
5678,N388LG,PC12
5679,D-ANRI,A339
5680,N654RW,E170
5681,N507AY,A321
5682,CC-BGM,B789
5683,C-GWUS,BCS3
5684,N439WN,B737
5685,N569AZ,B763
5686,N667FE,A306
5687,HL7413,B744
5688,A6-EEL,A388
5689,TC-LJL,B77L
5690,B-2099,B77W
5691,B-LRL,A359
5692,B-LID,B744
5693,N92FX,GLEX
5694,EI-GZC,B38M
5695,N7852A,B737
5696,N664FX,GLF6
5697,N973AK,B39M
5698,N6705Y,B752
5699,UK78704,B788
5700,N978UY,A321
5701,N954XV,A21N
5702,N293WN,B737
5703,N299SY,E75L
5704,N656AW,A320
5705,N808AW,A319
5706,C-GIUE,A321
5707,N292SY,E75L
5708,PS-LAA,B789
5709,EC-MLB,A332
5710,N87306,E75L
5711,N846UA,A319
5712,N7857B,B737
5713,N918US,A321
5714,JY-BAB,B788
5715,XXB,CRJ9
5716,B-LRM,A359
5717,F-GSPM,B772
5718,XA-VLR,A320
5719,N5897K,A333
5720,N24702,B737
5721,N8707P,B38M
5722,N570TA,A321
5723,N33292,B738
5724,N344UP,B763
5725,N3745B,B738
5726,N277GX,A321
5727,N479AS,B739
5728,N650DL,B752
5729,N124UP,A306
5730,N225BZ,BCS3
5731,N911DQ,B739
5732,N8310C,B738
5733,UK78705,B788
5734,N655RW,E170
5735,HP-9924CMP,B39M
5736,N441FX,E545
5737,N717NK,A21N
5738,N8319F,B738
5739,N703UW,A319
5740,F-HTYB,A359
5741,C-FLWJ,B737
5742,N255SY,E75L
5743,B-16786,B77L
5744,D-AALU,B77L
5745,N337AZ,B763
5746,N130SY,E75L
5747,A6-EEY,A388
5748,D-AALV,B77L
5749,N664DN,B752
5750,LX-SCV,B744
5751,B-LRQ,A359
5752,XA-VRQ,A20N
5753,HL7417,B744
5754,LX-VCI,B748
5755,N54241,B738
5756,B-223A,B77L
5757,N345NB,A319
5758,B-LXI,A35K
5759,N27213,B738
5760,N493AS,B739
5761,N17361,B38M
5762,N14228,B738
5763,N737NK,A21N
5764,N8510E,B738
5765,N17328,B38M
5766,D-ANRP,A339
5767,B-LJN,B748
5768,N449AZ,B763
5769,N8821S,B38M
5770,N122SY,E75L
5771,N184FE,B763
5772,G-ZBKC,B789
5773,N135UP,A306
5774,N153FE,B763
5775,XA-VRE,A20N
5776,N85356,E75L
5777,N76515,B738
5778,N683DA,B752
5779,N8503A,B738
5780,N907WN,B737
5781,N8814K,B38M
5782,A7-CGF,GLF6
5783,N3756,B738
5784,N8632A,B738
5785,N338FX,E545
5786,N349FX,E55P
5787,N364CM,B763
5788,A6-EOF,A388
5789,N827DN,B739
5790,N37545,B39M
5791,N647RW,E170
5792,N603CZ,E75S
5793,N324NB,A319
5794,N556AS,B738
5795,N359NW,A320
5796,EC-MOY,A332
5797,N14214,B738
5798,N558AS,B738
5799,N14230,B738
5800,PH-BVO,B77W
5801,N814NW,A333
5802,N8785L,B38M
5803,N552FX,CL30
5804,N281FE,B763
5805,N297FE,B763
5806,N382UP,B763
5807,N668DN,B752
5808,N457AZ,B763
5809,N304UP,B763
5810,N82SB,PC12
5811,N8657B,B738
5812,N607FX,E550
5813,A6-EVD,A388
5814,N832AW,A319
5815,N8871Q,B38M
5816,N966NK,A20N
5817,N725NK,A21N
5818,XA-VXF,A21N
5819,N341FR,A20N
5820,N691AV,A319
5821,N647AW,A320
5822,C-GWSX,B738
5823,N24202,B738
5824,N552AS,B738
5825,N790AN,B772
5826,N847UA,A319
5827,N156FE,B763
5828,N160UP,A306
5829,CS-TXG,A21N
5830,N771KW,B772
5831,N667DN,B752
5832,N303UP,B763
5833,N277FE,B763
5834,N544US,B752
5835,N7885A,B737
5836,N245BZ,BCS3
5837,N514NC,C402
5838,N8772M,B38M
5839,N730NK,A21N
5840,N519AV,A319
5841,N8681M,B738
5842,N17341,B38M
5843,N430UA,A320
5844,N432DX,A339
5845,N12218,B738
5846,D-AIXU,A359
5847,LX-VCK,B748
5848,N805NW,A333
5849,N152SY,E75L
5850,N274FE,B763
5851,N860GT,B748
5852,N508VL,A320
5853,N3730B,B738
5854,N539US,B752
5855,N8941Q,B38M
5856,N327UP,B763
5857,N8717M,B38M
5858,A6-EON,A388
5859,N345CA,P212
5860,XXB,E545
5861,N298AK,B739
5862,N833DN,B739
5863,B-220F,B77L
5864,OO-SFG,A333
5865,N213SY,E75L
5866,N8943Q,B38M
5867,EC-OAX,A359
5868,N966AD,A321
5869,N250UP,MD11
5870,N8697C,B738
5871,N226CY,B763
5872,N335QT,A332
5873,N8942L,B38M
5874,N604AW,A320
5875,N859DN,B739
5876,N377DE,B738
5877,N547US,B752
5878,N601FX,E550
5879,N482WN,B737
5880,N8680C,B738
5881,N17315,B38M
5882,C-GPJZ,CRJ9
5883,N6875D,C402
5884,N35204,B738
5885,SU-GFZ,B789
5886,XA-VIN,A20N
5887,N285AM,B38M
5888,PH-BHO,B789
5889,N830NW,A333
5890,C-GJYC,BCS3
5891,N762CK,B763
5892,B-LJB,B748
5893,N541US,B752
5894,N3735D,B738
5895,N740CK,B744
5896,N257SY,E75L
5897,N394FX,E55P
5898,N747WS,C402
5899,N524CA,C402
5900,SU-GEW,B789
5901,XA-VAK,A320
5902,N75428,B739
5903,N793CK,B77L
5904,N703NK,A21N
5905,N17362,B38M
5906,N305UG,B38M
5907,F-GZNI,B77W
5908,N8689C,B738
5909,N298CK,LJ35
5910,N701CK,B744
5911,N352NB,A319
5912,LX-GCL,B744
5913,N423WN,B737
5914,N503AZ,B763
5915,N8936Q,B38M
5916,A6-EEJ,A388
5917,XXB,B712
5918,G-ZBKR,B789
5919,G-VBZZ,B789
5920,N772AN,B772
5921,N705NK,A21N
5922,VT-ALS,B77W
5923,JA13KZ,B748
5924,C-GRTB,B738
5925,XA-OCA,B738
5926,SE-RSF,A359
5927,N359AZ,B763
5928,N579AS,B738
5929,N153SY,E75L
5930,N254FE,B763
5931,N288UP,MD11
5932,N3741S,B738
5933,N459AS,B739
5934,N762AN,B772
5935,N8671D,B738
5936,N61887,B739
5937,N822DN,B739
5938,N476FX,E545
5939,F-HRBJ,B789
5940,N76503,B738
5941,N153UW,A321
5942,N801AC,B788
5943,N186FE,B763
5944,N158UP,A306
5945,G-ZBKE,B789
5946,EC-ODH,B789
5947,D-AALO,B77L
5948,F-GSPN,B772
5949,N523VL,A320
5950,N6716C,B752
5951,N480WN,B737
5952,N925UY,A321
5953,N335UP,B763
5954,N513AS,B738
5955,N465FX,GLF4
5956,N8902Q,B38M
5957,N7864B,B737
5958,N835DN,B739
5959,N409BK,C402
5960,N318FX,E545
5961,N17338,B38M
5962,N964AM,B788
5963,N520AS,B738
5964,N518FX,CL30
5965,C-GJZV,CRJ9
5966,N821NW,A333
5967,F-HTYQ,A359
5968,EI-GEY,A332
5969,N818NW,A333
5970,C-GCWJ,B737
5971,F-HRBH,B789
5972,C-GROV,BCS3
5973,N590AS,B738
5974,N820NW,A333
5975,OO-SFF,A333
5976,N163AA,A321
5977,N607CZ,E75S
5978,N837AN,B789
5979,C-GNBE,BCS3
5980,N438GT,B744
5981,A7-ANM,A35K
5982,N463WN,B737
5983,HK-5421,A320
5984,N384DA,B738
5985,XA-EBN,B738
5986,N3747D,B738
5987,N353NB,A319
5988,N238BZ,BCS3
5989,A6-EUL,A388
5990,N471MC,B744
5991,N223WN,B737
5992,5Y-KZG,B788
5993,N116BZ,E190
5994,N386DA,B738
5995,XA-VIY,A20N
5996,N557NW,B752
5997,N509DN,A359
5998,D-ABVX,B744
5999,N811NW,A333
6000,N767AJ,B772
6001,OE-LPL,B789
6002,F-HRBE,B789
6003,N831NW,A333
6004,PH-BQA,B772
6005,N801NW,A333
6006,LX-JCV,B744
6007,EC-NBX,B789
6008,N797AN,B772
6009,N824NW,A333
6010,CS-TON,A332
6011,HL7202,B77W
6012,B-LRU,A359
6013,LX-ICL,B744
6014,N555NW,B752
6015,N505VL,A320
6016,N154FE,B763
6017,N4630N,C402
6018,N24224,B738
6019,N833CA,P212
6020,N149AN,A321
6021,N37255,B738
6022,N996AT,B712
6023,N1WP,C700
6024,D-ABVW,B744
6025,N37365,B38M
6026,N472MC,B744
6027,SE-DMO,A21N
6028,N446FX,E545
6029,N819NW,A333
6030,PH-AOB,A332
6031,C-GLWS,B38M
6032,N86316,E75L
6033,B-222K,B77L
6034,N178US,A321
6035,N37514,B39M
6036,N565WN,B737
6037,N815NW,A333
6038,EC-NCY,B789
6039,HL8346,B77W
6040,XXB,B741
6041,N239WN,B737
6042,N8768Q,B38M
6043,N346FR,A20N
6044,N862RW,E170
6045,N591DT,A21N
6046,N858DZ,B739
6047,N17303,B38M
6048,N753US,A319
6049,N991AA,C402
6050,N228BZ,BCS3
6051,C-FDIJ,B763
6052,N421FX,E545
6053,N27256,B38M
6054,B-2003,B77W
6055,N17363,B38M
6056,N589DT,A21N
6057,F-HRBG,B789
6058,SE-DMR,A21N
6059,C-FWSI,B737
6060,CS-TUC,A339
6061,ET-AXS,B789
6062,N276FE,B763
6063,N292FE,B763
6064,HL8007,B77W
6065,N552VL,A20N
6066,N17302,B38M
6067,N7839A,B737
6068,N349UP,B763
6069,N391FX,E55P
6070,N959XV,A21N
6071,D-ABTK,B744
6072,N967AM,B788
6073,N8926Q,B38M
6074,N527AS,B738
6075,PH-AOC,A332
6076,F-HRBA,B789
6077,N47275,B38M
6078,C-FGWJ,B737
6079,N8769Q,B38M
6080,N7833A,B737
6081,N837AM,B39M
6082,N787AL,B772
6083,TC-LJT,B77L
6084,EC-OFP,B789
6085,N294FE,B763
6086,CS-TUR,A339
6087,N662DN,B752
6088,HL7204,B77W
6089,N86322,E75L
6090,N16217,B738
6091,N340CA,CRJ7
6092,N8320J,B738
6093,N102BZ,E190
6094,D-ABYA,B748
6095,B-7343,B77W
6096,N332FX,E545
6097,N7131V,C68A
6098,N856GT,B748
6099,N7886A,B737
6100,SP-LSE,B789
6101,N597AS,B738
6102,N991AU,A321
6103,N303UE,B38M
6104,CS-TOO,A332
6105,HL8042,B77W
6106,N669AW,A320
6107,N729AL,B39M
6108,N174FE,B763
6109,N331DU,BCS3
6110,A7-BFJ,B77L
6111,N542UW,A321
6112,N547RC,PC12
6113,N817DN,B739
6114,N76502,B738
6115,N38458,B739
6116,HP-9928CMP,B39M
6117,N804NW,A333
6118,N17272,B38M
6119,PH-AOD,A332
6120,D-AIXM,A359
6121,N809NW,A333
6122,N8843S,B38M
6123,TF-ISO,B763
6124,N8678E,B738
6125,N663FR,A21N
6126,N589AS,B738
6127,EC-NGM,B789
6128,N140FE,B763
6129,LX-VCD,B748
6130,D-AALJ,B77L
6131,G-VRAY,A333
6132,N17229,B738
6133,N748AV,A320
6134,G-VWHO,B789
6135,N144DU,BCS1
6136,N487FX,GLF4
6137,N87513,B738
6138,N244CA,P212
6139,F-HRBB,B789
6140,C-GWBF,B737
6141,N866AM,B39M
6142,G-VSPY,B789
6143,VH-ZNG,B789
6144,N827NW,A333
6145,CC-BGG,B789
6146,N148FE,B763
6147,PH-BHF,B789
6148,HL8009,B77W
6149,N796AV,B788
6150,N346UP,B763
6151,N167AN,A321
6152,N329NB,A319
6153,VT-ALP,B77W
6154,N110BZ,E190
6155,XA-VAE,A320
6156,N826NW,A333
6157,N665FR,A21N
6158,N275SY,E75L
6159,TC-LJN,B77L
6160,D-AIXL,A359
6161,XA-GQS,B39M
6162,SP-LRG,B788
6163,N577AS,B738
6164,CS-TUG,A339
6165,HL8011,B77W
6166,B-LIE,B744
6167,N678DL,B752
6168,N665DN,B752
6169,N605UP,B748
6170,N372FX,E55P
6171,N262FE,B763
6172,G-VYUM,B789
6173,N147UP,A306
6174,N291GX,A320
6175,N836SY,B738
6176,N8787K,B38M
6177,XA-VXS,A21N
6178,N806NW,A333
6179,N27334,B38M
6180,F-HRBD,B789
6181,XA-MJJ,B39M
6182,N8940Q,B38M
6183,N617AZ,B763
6184,CS-TOP,A332
6185,PH-BVD,B77W
6186,TC-LJP,B77L
6187,N670DN,B752
6188,N358FX,E55P
6189,N17279,B38M
6190,N88310,E75L
6191,N581UW,A321
6192,N818DA,B739
6193,N39418,B739
6194,N850SY,B738
6195,N335FR,A20N
6196,N571FX,CL35
6197,F-GZNQ,B77W
6198,N17310,B38M
6199,N221BZ,BCS3
6200,N12221,B738
6201,C-FKIW,B737
6202,N241AZ,B763
6203,N511FX,CL35
6204,CS-TSX,B772
6205,CS-TUI,A339
6206,LX-UCV,B744
6207,C-FPCJ,B763
6208,XA-VRI,A20N
6209,N294AK,B739
6210,N8714Q,B38M
6211,N255UP,MD11
6212,N545US,B752
6213,N3736C,B738
6214,N654FX,GLF6
6215,N552NW,B752
6216,N124AA,A321
6217,N8526W,B738
6218,XXB,GLF6
6219,N385FX,E55P
6220,N509FX,CL35
6221,XA-VXP,A21N
6222,N390FX,E55P
6223,N17591,B39M
6224,SE-DMS,A21N
6225,N439GT,B744
6226,N619AZ,B763
6227,N8616C,B738
6228,EC-MNS,B788
6229,N792AV,B788
6230,HL8347,B77W
6231,N445FX,E545
6232,N702NK,A21N
6233,C-GKOE,A320
6234,N575FX,CL35
6235,N17311,B38M
6236,N11206,B738
6237,N156AN,A321
6238,N813SY,B738
6239,N926UW,A321
6240,SU-GEV,B789
6241,XA-VAV,A320
6242,N587AS,B738
6243,N588AS,B738
6244,F-GSPA,B772
6245,SP-LSA,B789
6246,N654DL,B752
6247,N322FX,E545
6248,N649DL,B752
6249,B-222N,B77L
6250,PH-BQE,B772
6251,D-AALN,B77L
6252,N564AS,B738
6253,N368UP,B763
6254,N342FR,A20N
6255,C-FLKJ,B38M
6256,N290CM,B763
6257,N576UW,A321
6258,N553FX,CL30
6259,N844SY,B738
6260,N8946L,B38M
6261,A6-EUH,A388
6262,C-FLGD,B38M
6263,N444FX,E545
6264,N297SY,E75L
6265,N278NV,A320
6266,N375FX,E55P
6267,N352FX,E55P
6268,D-ANRD,A339
6269,EI-NEU,B789
6270,D-AIXN,A359
6271,PH-AOE,A332
6272,C-FBWS,B38M
6273,N431AZ,B763
6274,N579FX,CL35
6275,N261FE,B763
6276,EC-MTI,B789
6277,A6-EOZ,A388
6278,N173FE,B763
6279,N9RA,LJ35
6280,TC-JNK,A333
6281,XA-BBB,B39M
6282,N8945Q,B38M
6283,N154UP,A306
6284,N769AM,B39M
6285,N330QT,A332
6286,VT-AEO,B77W
6287,N847SY,B738
6288,N419FX,E545
6289,N816AW,A319
6290,N651FX,GLF6
6291,XA-VAU,A320
6292,D-AIXQ,A359
6293,F-GSPI,B772
6294,C-GWSP,B737
6295,N957AM,B738
6296,B-225A,B77L
6297,N516AS,B738
6298,N402DX,A339
6299,OE-LPM,B789
6300,TF-ICP,B38M
6301,N349TV,B38M
6302,N355UP,B763
6303,N180US,A321
6304,N382HA,A332
6305,XXB,E295
6306,N3752,B738
6307,SP-LRA,B788
6308,N68805,B739
6309,LX-LCL,B744
6310,N1439A,B763
6311,ET-AYD,B789
6312,CS-TUF,A339
6313,N780AV,B788
6314,HL8010,B77W
6315,F-HUVP,A359
6316,B-18003,B77W
6317,XA-VLQ,A320
6318,N634UP,B748
6319,HP-9904CMP,B39M
6320,N990AU,A321
6321,N152UP,A306
6322,N2027J,A21N
6323,N599FX,CL35
6324,N829SY,B738
6325,N28478,B739
6326,N808NW,A333
6327,D-AIVC,A359
6328,N47280,B38M
6329,F-HRBF,B789
6330,N8670A,B738
6331,N592DT,A21N
6332,N27546,B39M
6333,PH-BVB,B77W
6334,N27586,B39M
6335,EC-MMY,B788
6336,A6-EEN,A388
6337,HL7205,B77W
6338,PH-BVV,B77W
6339,N710NK,A21N
6340,N521UW,A321
6341,N485FX,GLF4
6342,N822SY,B738
6343,N702UW,A319
6344,N163US,A321
6345,N813DN,B739
6346,EC-ODI,B789
6347,TC-LJO,B77L
6348,N27251,B38M
6349,G-VBOB,A35K
6350,B-2098,B77L
6351,F-GSPD,B772
6352,CS-TUK,A339
6353,LX-WCV,B744
6354,A7-BTA,B77L
6355,N398AV,A320
6356,N17265,B38M
6357,N1801U,B38M
6358,G-VMAP,B789
6359,N165NN,A321
6360,N8734Q,B38M
6361,N717UW,A319
6362,N536UW,A321
6363,N306UH,B38M
6364,N518AS,B738
6365,C-GVWA,B738
6366,N331AZ,B763
6367,N858NW,A332
6368,N296FE,B763
6369,N652DL,B752
6370,N3737C,B738
6371,N216WR,B737
6372,C-FGKH,A320
6373,N163UP,A306
6374,N989AU,A321
6375,N641CA,CRJ7
6376,N824SY,B738
6377,N8753Q,B38M
6378,A6-EUU,A388
6379,N8726H,B38M
6380,N47517,B39M
6381,SP-LSD,B789
6382,N820DX,B752
6383,N323UP,B763
6384,F-GSPP,B772
6385,N782AV,B788
6386,PH-BQG,B772
6387,D-AALR,B77L
6388,F-HUVQ,A359
6389,N3738B,B738
6390,C-FDCA,A320
6391,N193UW,A321
6392,N849DN,B739
6393,A7-CHC,GA7C
6394,N302FX,E55P
6395,N402AN,A21N
6396,N122US,A320
6397,N393FX,E55P
6398,N38417,B739
6399,C-FUMF,B738
6400,N867AM,B39M
6401,N316FX,E545
6402,N37531,B39M
6403,N169FE,B763
6404,TF-ICE,B38M
6405,N784AV,B788
6406,N853GT,B748
6407,TC-JOK,A333
6408,XA-VRV,A20N
6409,N549US,B752
6410,N37464,B739
6411,N297AK,B739
6412,C-GWSR,B738
6413,F-HRBI,B789
6414,N38443,B739
6415,N551AS,B738
6416,N591FX,CL35
6417,N246BZ,BCS3
6418,N68817,B739
6419,F-GSPE,B772
6420,N8947Q,B38M
6421,N357UP,B763
6422,N353FX,E55P
6423,N580UW,A321
6424,N835SY,B738
6425,N651CA,P212
6426,N208WN,B737
6427,N187US,A321
6428,N768CK,B744
6429,N69835,B739
6430,SP-LRE,B788
6431,LX-VCN,B748
6432,N386FX,E55P
6433,TC-LJK,B77W
6434,HB-JMB,A343
6435,EC-OEM,B789
6436,CS-TUS,A339
6437,RP-C7775,B77W
6438,XA-VLO,A320
6439,B-LIF,B744
6440,N197FE,B763
6441,N148UP,A306
6442,N556UW,A321
6443,N203BZ,BCS3
6444,N409WN,B737
6445,N491WN,B737
6446,XA-VIO,A20N
6447,EI-IFD,A359
6448,EC-NCX,A359
6449,N399FX,E55P
6450,PH-AOA,A332
6451,N360NW,A320
6452,C-GVWJ,B737
6453,N239BZ,BCS3
6454,N252SY,E75L
6455,N781AV,B788
6456,N680AW,A320
6457,N24211,B738
6458,N961DZ,B739
6459,N603FX,E550
6460,N782HA,B789
6461,N473FX,LJ75
6462,N732AL,B39M
6463,N397DA,B738
6464,N37528,B39M
6465,N66808,B739
6466,B-LIC,B744
6467,N304PS,CL30
6468,N8759Q,B38M
6469,N330NW,A320
6470,C-FLKO,B38M
6471,N168GS,C56X
6472,ET-AXT,B789
6473,N193FE,B763
6474,CS-TUM,A339
6475,N362CM,B763
6476,F-GSPK,B772
6477,HL8006,B77W
6478,C-FLDX,B38M
6479,XA-VRD,A20N
6480,N26232,B738
6481,N815DN,B739
6482,N1808U,B38M
6483,N27266,B38M
6484,N167UP,A306
6485,G-VBOW,B789
6486,N3749D,B738
6487,N780HA,B789
6488,N130AN,A321
6489,N8708Q,B38M
6490,C-GWSV,B738
6491,N317AZ,B763
6492,N174UP,A306
6493,TF-ICY,B38M
6494,HL8041,B77W
6495,N660AW,A320
6496,RP-C3501,A359
6497,N127UP,A306
6498,N258FE,B763
6499,N159UP,A306
6500,N369NW,A320
6501,N840DN,B739
6502,N661DN,B752
6503,N514FX,CL35
6504,N808SY,B738
6505,N402HG,C402
6506,N76504,B738
6507,N27366,B38M
6508,D-AIXD,A359
6509,N669FX,GLF6
6510,N136FE,B763
6511,N131FE,B763
6512,N682DA,B752
6513,N129AA,A321
6514,N837SY,B738
6515,N357CA,P212
6516,N17339,B38M
6517,XA-VMD,A20N
6518,PH-BHH,B789
6519,N27290,B38M
6520,YU-ARE,A332
6521,N347FX,E55P
6522,N781HA,B789
6523,N819SY,B738
6524,N660FX,GLF6
6525,D-ABVY,B744
6526,N569AS,B738
6527,N3257J,BCS3
6528,N303FX,E55P
6529,N605FX,E550
6530,N159FE,B763
6531,PH-BQM,B772
6532,D-AALX,B77L
6533,N1438,A321
6534,N794AJ,B722
6535,N162UW,A321
6536,C-FFLZ,B38M
6537,N3249M,C402
6538,N418MC,B744
6539,N822NW,A333
6540,B-223S,B77L
6541,XA-AMK,B738
6542,CS-TUP,A339
6543,TC-JNI,A333
6544,N872CB,B38M
6545,N361FX,E55P
6546,XXB,B722
6547,N976UY,A321
6548,C-FLKC,B38M
6549,N805SY,B738
6550,N114BZ,E190
6551,N524DN,A359
6552,D-AIML,A388
6553,PH-AOF,A332
6554,N307AZ,B763
6555,N794AV,B788
6556,PH-BVG,B77W
6557,F-GUOC,B77L
6558,N760CK,B763
6559,A6-EUJ,A388
6560,N127UW,A320
6561,D-ABTL,B744
6562,B-7368,B77W
6563,B-LIB,B744
6564,N211BZ,BCS3
6565,G-VIIU,B772
6566,N325UP,B763
6567,ET-AUR,B789
6568,PH-BQO,B772
6569,TC-MCP,A333
6570,N167US,A321
6571,N851GT,B748
6572,C-FLBG,B38M
6573,N317CA,CRJ7
6574,XXB,CL35
6575,N585FX,CL35
6576,N3772H,B738
6577,N47293,B38M
6578,XA-VAN,A320
6579,N8767M,B38M
6580,N27253,B38M
6581,N727PR,GLF5
6582,D-AIMA,A388
6583,PH-AKB,A333
6584,G-YMME,B772
6585,N813NW,A333
6586,N491AZ,B763
6587,EI-GCF,A333
6588,N316UP,B763
6589,N783AV,B788
6590,N157UP,A306
6591,C-GUPK,BCS3
6592,N7824A,B737
6593,N590FX,CL35
6594,N941WN,B737
6595,N162AA,A321
6596,JA12KZ,B748
6597,XA-VAA,A320
6598,XA-MFG,B789
6599,N8948Q,B38M
6600,C-FWSV,B737
6601,D-AIMC,A388
6602,N855DN,B739
6603,SP-LRH,B788
6604,C-GVUN,BCS3
6605,N395CM,B763
6606,A7-BFD,B77L
6607,N982VJ,A321
6608,CS-TUQ,A339
6609,F-HTYE,A359
6610,B-16727,B77W
6611,N720NK,A21N
6612,A7-CGH,GLF6
6613,HK-5407,A320
6614,N381DN,B738
6615,N119US,A320
6616,N976AK,B39M
6617,XA-DRC,B738
6618,N536FX,CL30
6619,N196UW,A321
6620,C-GKXQ,E295
6621,C-GJYE,BCS3
6622,N871DN,B739
6623,N820SY,B738
6624,C-FGJI,A320
6625,N364FX,E55P
6626,N3768,B738
6627,XA-VAP,A320
6628,N924DZ,B739
6629,C-GZQX,E295
6630,N715CK,B744
6631,N272FE,B763
6632,TC-JNH,A333
6633,N495WN,B737
6634,XA-ZAM,B738
6635,N506FX,CL35
6636,C-GKQT,E295
6637,N666DN,B752
6638,N321FX,E545
6639,N453CK,LJ45
6640,N5881K,A333
6641,C-FZUB,A320
6642,XA-AMU,B738
6643,N554NW,B752
6644,N138DU,BCS1
6645,N919US,A321
6646,EI-IFC,A359
6647,N47284,B38M
6648,C-GKQW,E295
6649,D-AIMB,A388
6650,C-FWVJ,B738
6651,XA-AMO,B738
6652,G-VIIT,B772
6653,HL7203,B77W
6654,C-GKQK,E295
6655,N456FX,GLF4
6656,C-GKQM,E295
6657,N128BZ,E190
6658,N809SY,B738
6659,N466CA,C402
6660,N108BZ,E190
6661,TC-LLZ,B789
6662,A6-EOG,A388
6663,N264UP,MD11
6664,LX-VCV,B744
6665,N513VL,A320
6666,N8951S,B38M
6667,C-GZQE,E295
6668,C-GJVT,A320
6669,XXB,E550
6670,N573DT,A21N
6671,N227BZ,BCS3
6672,N393DA,B738
6673,N37278,B38M
6674,D-ABVM,B744
6675,N37518,B39M
6676,VT-ALO,B77W
6677,PH-AKA,A333
6678,C-GKQL,E295
6679,N365NB,A319
6680,SP-LSB,B789
6681,G-YMMC,B772
6682,A6-EOK,A388
6683,N325FX,E545
6684,N402UP,B752
6685,TF-ICN,B38M
6686,PH-BHN,B789
6687,JA07WJ,A35K
6688,N742NK,A21N
6689,C-GZQC,E295
6690,N375DA,B738
6691,C-GZQV,E295
6692,C-GJWD,A321
6693,C-FLQO,B38M
6694,C-FLKX,A321
6695,N37368,B38M
6696,N445QS,GLF4
6697,N539FX,CL35
6698,C-GITY,A321
6699,C-FUWS,B737
6700,CC-BBB,B788
6701,G-VIIP,B772
6702,N62884,B739
6703,N152FE,B763
6704,N389UP,B763
6705,C-GZQU,E295
6706,N706NK,A21N
6707,N3742C,B738
6708,N14231,B738
6709,N825AM,B738
6710,C-GKXK,E295
6711,N438FX,E545
6712,SU-GET,B789
6713,N93FX,GLEX
6714,N112BZ,E190
6715,N37538,B39M
6716,N585AS,B738
6717,N636QD,PC12
6718,C-FGKP,A321
6719,C-GKQS,E295
6720,N870DN,B739
6721,N320FX,E545
6722,G-VIIR,B772
6723,N311UP,B763
6724,F-GZNR,B77W
6725,F-HTYA,A359
6726,N712AL,B39M
6727,N703GT,B77L
6728,C-GKXV,E295
6729,N8640D,B738
6730,C-FLQZ,B38M
6731,C-FGKZ,A321
6732,N411CA,P212
6733,N415FX,E545
6734,N229BZ,BCS3
6735,XA-VAX,A320
6736,N592AS,B738
6737,N8950L,B38M
6738,C-GWUX,B738
6739,XA-JSO,B39M
6740,A7-BAH,B77W
6741,EC-MMX,B788
6742,N525VL,A320
6743,N746NK,A21N
6744,C-GWUQ,BCS3
6745,N366UP,B763
6746,C-GFOF,B38M
6747,N8766T,B38M
6748,N8751R,B38M
6749,EC-NJM,A359
6750,N75435,B739
6751,C-GKQV,E295
6752,N2017J,A21N
6753,N349NB,A319
6754,A7-CHG,GA7C
6755,D-AIMM,A388
6756,PH-BQK,B772
6757,C-GKXF,E295
6758,N307UJ,B38M
6759,N540US,B752
6760,XA-AMB,B738
6761,C-GKQU,E295
6762,N37367,B38M
6763,N838SY,B738
6764,N205CA,C402
6765,TC-LLI,B789
6766,N310FX,E55P
6767,D-ABVU,B744
6768,C-GKXW,E295
6769,D-AIMK,A388
6770,N669DN,B752
6771,PH-BQH,B772
6772,N568DZ,A359
6773,C-GKYC,E295
6774,N698DL,B752
6775,C-FFFX,B38M
6776,TC-LLF,B789
6777,N668FR,A21N
6778,N508AS,B738
6779,N560AS,B738
6780,PH-BHA,B789
6781,CS-TUB,A339
6782,N253FE,B763
6783,N291FE,B763
6784,N795AV,B788
6785,N744AX,B762
6786,XA-VRJ,A20N
6787,N704GT,B77L
6788,N342UP,B763
6789,N558FX,CL35
6790,C-FXCD,A320
6791,N436FX,E545
6792,N433AN,A21N
6793,SP-LSF,B789
6794,N367AZ,B763
6795,D-AIGO,A343
6796,A6-EUF,A388
6797,N265FE,B763
6798,HL8008,B77W
6799,LX-VCC,B748
6800,D-AIGN,A343
6801,F-GZNJ,B77W
6802,C-GKXN,E295
6803,N257FE,B763
6804,N129FE,B763
6805,XA-AMG,B738
6806,B-1356,B789
6807,N451FX,GLF4
6808,N286UP,MD11
6809,XXB,A332
6810,HL7400,B744
6811,D-AALC,B77L
6812,XA-VLX,A320
6813,SP-LRC,B788
6814,C-FPWE,A320
6815,XA-AMM,B738
6816,TC-LLS,B789
6817,XA-VAO,A320
6818,N568AS,B738
6819,C-GKQZ,E295
6820,D-AIMN,A388
6821,C-FUSM,B738
6822,G-VIIO,B772
6823,CC-BBI,B788
6824,N907XH,XXA
6825,EC-MSZ,B789
6826,XA-HSB,B39M
6827,N4304,A320
6828,N392FX,E55P
6829,B-7883,B77W
6830,C-FDMB,B738
6831,N517AS,B738
6832,F-GZNH,B77W
6833,F-HTYD,A359
6834,N256UP,MD11
6835,N282FE,B763
6836,N7742B,B737
6837,G-VNYL,B789
6838,XA-AME,B738
6839,N507FX,CL35
6840,C-FZQS,A320
6841,N7855A,B737
6842,N355FX,E55P
6843,HL7619,A388
6844,N500FX,CL35
6845,D-ABYH,B748
6846,XA-VLN,A320
6847,C-GKQP,E295
6848,N368AM,B38M
6849,C-GWBU,B738
6850,N47357,B38M
6851,N417FX,E545
6852,N149UP,A306
6853,N274UP,MD11
6854,F-HTYL,A359
6855,HK-5424,A320
6856,N182FE,B763
6857,XA-JOY,B738
6858,C-GKXH,E295
6859,C-GJWN,A321
6860,N627NP,B752
6861,XA-VIK,A20N
6862,N598FX,CL35
6863,N739NK,A21N
6864,D-ABYP,B748
6865,SP-LRD,B788
6866,TC-LLE,B789
6867,G-VIIX,B772
6868,N477FX,GLF4
6869,N191FE,B763
6870,N284UP,MD11
6871,N8944Q,B38M
6872,N366FX,E55P
6873,C-GKXA,E295
6874,C-GYGU,A321
6875,N371DA,B738
6876,N708VL,B737
6877,N542FX,CL30
6878,N828SY,B738
6879,N321EA,CRJ2
6880,C-GWWJ,B738
6881,XA-DAQ,B38M
6882,N426FX,E545
6883,A6-EET,A388
6884,TF-ICS,B38M
6885,C-GKXO,E295
6886,N959AV,A320
6887,N289UP,MD11
6888,N8791D,B38M
6889,N851SY,B738
6890,N261SY,E75L
6891,XA-VXI,A21N
6892,PH-BHD,B789
6893,CS-TUN,A339
6894,N253UP,MD11
6895,D-AALY,B77L
6896,N1321A,B763
6897,N263UP,MD11
6898,XA-AMS,B738
6899,C-FYIY,A319
6900,C-FLHI,B38M
6901,TC-LLP,B789
6902,TC-LLM,B789
6903,N745NK,A21N
6904,XA-VIE,A20N
6905,C-GZQM,E295
6906,C-GXWJ,B38M
6907,C-GTZU,BCS3
6908,N275UP,MD11
6909,N301FX,E55P
6910,N33203,B738
6911,C-GEPG,B38M
6912,N801AK,B38M
6913,N12238,B738
6914,TF-FIP,B752
6915,A7-ANE,A35K
6916,TC-LJR,B77L
6917,XA-AMC,B738
6918,9H-AKF,B744
6919,C-GZQB,E295
6920,N329DU,BCS3
6921,N499CA,C402
6922,N754UW,A319
6923,TC-LLT,B789
6924,N538FX,CL30
6925,N662AW,A320
6926,B-LJK,B748
6927,EI-NYE,B789
6928,C-FLSF,B738
6929,EC-NBM,B789
6930,PT-MUB,B77W
6931,N437TW,PC12
6932,N1807U,B38M
6933,N508KZ,B744
6934,N744NK,A21N
6935,C-FYNS,A319
6936,C-FLEJ,B38M
6937,N219BZ,BCS3
6938,N10HC,E35L
6939,C-GKXT,E295
6940,N17335,B38M
6941,G-YMMA,B772
6942,N428FX,E545
6943,N165FE,B763
6944,N286FE,B763
6945,XA-VSA,A20N
6946,N556NW,B752
6947,C-GZQG,E295
6948,N827AW,A319
6949,N651DL,B752
6950,C-GWCN,B737
6951,N8949Q,B38M
6952,F-HTYI,A359
6953,PH-BQF,B772
6954,N8770Q,B38M
6955,N780YX,E75L
6956,N259UP,MD11
6957,N309UL,B38M
6958,4X-ECF,B772
6959,A6-APD,A388
6960,N669CA,CRJ7
6961,N712PV,C56X
6962,N557FX,CL35
6963,EC-NLP,A359
6964,N777UT,C680
6965,N594AS,B738
6966,C-GFJQ,B38M
6967,G-YMML,B772
6968,N79ND,XXA
6969,EC-NGN,B789
6970,N276UP,MD11
6971,HL7640,A388
6972,F-HTYP,A359
6973,XA-VRX,A20N
6974,A7-CHB,GA7C
6975,N110UW,A320
6976,N332QT,A332
6977,D-ACVG,A333
6978,XA-AMN,B738
6979,C-GJWO,A321
6980,N110DU,BCS1
6981,XA-VAT,A320
6982,N37372,B38M
6983,EC-NXD,A359
6984,N804AK,B38M
6985,C-FPLS,B738
6986,B-222V,B77L
6987,CS-TUJ,A339
6988,A6-EDO,A388
6989,LN-LNR,B789
6990,B-7185,B77W
6991,HL7635,A388
6992,N3763D,B738
6993,N532AS,B738
6994,N593DX,A21N
6995,D-ABVZ,B744
6996,SU-GFB,BCS3
6997,C-FWSO,B737
6998,N229AZ,B763
6999,LX-RCV,B744
7000,G-YMMG,B772
7001,CS-TUD,A339
7002,N712GT,B77L
7003,C-GZQK,E295
7004,N528FX,CL30
7005,N814SY,B738
7006,TC-LMB,B789
7007,B-KQV,B77W
7008,C-GWBL,B738
7009,N62889,B739
7010,A7-ANL,A35K
7011,HL7625,A388
7012,XA-VRR,A20N
7013,HK-5406,A320
7014,N57PB,C402
7015,N77543,B39M
7016,C-GTZS,BCS3
7017,N358UP,B763
7018,TC-LLO,B789
7019,N673DL,B752
7020,C-GIUB,A321
7021,N363NB,A319
7022,N406FX,E545
7023,N655DL,B752
7024,N610FX,E550
7025,N723AV,A319
7026,N47369,B38M
7027,N158FE,B763
7028,A6-EDS,A388
7029,N767AX,B762
7030,HL7641,A388
7031,XA-VSJ,A20N
7032,N343FX,E545
7033,N360UP,B763
7034,N440AN,A21N
7035,N914UY,A321
7036,C-GZQW,E295
7037,D-AIMH,A388
7038,N247BZ,BCS3
7039,HL7634,A388
7040,C-GZQF,E295
7041,N677FE,A306
7042,N504FX,CL35
7043,N658DL,B752
7044,N535UW,A321
7045,N1811U,B38M
7046,N958AM,B738
7047,N387FX,E55P
7048,C-FFEL,B38M
7049,N7749B,B737
7050,N201LV,B737
7051,N519UW,A321
7052,N7745A,B737
7053,C-GTSW,B38M
7054,N586UW,A321
7055,G-YMMF,B772
7056,N433TW,PC12
7057,TF-FIU,B752
7058,N541VL,A20N
7059,N508AY,A321
7060,N181FE,B763
7061,N205WN,B737
7062,N278WN,B737
7063,N3113J,BCS3
7064,N840SY,B738
7065,N448FX,E545
7066,N928AM,A321
7067,N713NK,A21N
7068,N8727M,B38M
7069,PH-BHG,B789
7070,N268FE,B763
7071,N302UP,B763
7072,N376UP,B763
7073,N514AS,B738
7074,C-GZQZ,E295
7075,N56JP,LJ45
7076,C-GELQ,B38M
7077,N831SY,B738
7078,XXB,C402
7079,N567WN,B737
7080,N534UW,A321
7081,N904AA,A321
7082,PH-BVU,B77W
7083,C-GWSO,B737
7084,N986AN,A321
7085,N643AZ,B763
7086,N808AN,B788
7087,TC-LNC,A333
7088,XA-VLD,A320
7089,N359UP,B763
7090,XA-AMJ,B738
7091,N625CA,CRJ7
7092,N95GJ,PC12
7093,N331CA,CRJ7
7094,N170US,A321
7095,N489FX,GLF4
7096,C-GKXR,E295
7097,N908AA,A321
7098,N930AU,A321
7099,N574DT,A21N
7100,EC-MOM,B788
7101,CN-RHA,B789
7102,HL7626,A388
7103,XA-VVD,A320
7104,C-GITU,A321
7105,N132AN,A321
7106,N498MC,B744
7107,C-FSJJ,B38M
7108,XXB,B737
7109,XXB,E170
7110,N916US,A321
7111,N924US,A321
7112,SP-LSG,B789
7113,N127FE,B763
7114,N343UP,B763
7115,N803AK,B38M
7116,N487WN,B737
7117,N849SY,B738
7118,N923US,A321
7119,N996AN,A321
7120,PH-BHE,B789
7121,N69804,B739
7122,N815VL,B738
7123,N239AZ,B763
7124,XXB,B773
7125,N5869K,A333
7126,N8718Q,B38M
7127,TC-LLD,B789
7128,C-GKQY,E295
7129,XXB,P212
7130,N970UY,A321
7131,XA-VAW,A320
7132,N37554,B39M
7133,C-GFVN,B38M
7134,N75425,B739
7135,N146AA,A321
7136,C-GWUT,BCS3
7137,N885AR,GLF5
7138,N78866,B753
7139,4K-AZ101,IL76
7140,N8656B,B38M
7141,N85340,E170
7142,N419YX,E170
7143,VT-ALR,B77W
7144,A6-XWA,A35K
7145,N160PB,C402
7146,F-GZNP,B77W
7147,XA-VME,A20N
7148,N641RW,E170
7149,YI-ATC,B788
7150,F-HTYS,A359
7151,LZ-TWO,A332
7152,G-CKOF,B789
7153,EC-NNH,A332
7154,N883BM,B788
7155,D-AALS,B77L
7156,N3271J,BCS3
7157,N3261J,BCS3
7158,VQ-BLU,E75S
7159,N905AU,A321
7160,N125AA,A321
7161,N8964L,B38M
7162,N8962L,B38M
7163,N486MC,B744
7164,VP-BAA,B77L
7165,N810VL,B738
7166,N302PQ,CRJ9
7167,N599DA,A21N
7168,N123NN,A321
7169,N600DZ,A21N
7170,N827SK,CRJ9
7171,N594DA,A21N
7172,N921US,A321
7173,N829SK,CRJ9
7174,N553UW,A321
7175,N334DU,BCS3
7176,N731AL,B39M
7177,N671FR,A21N
7178,N3276J,BCS3
7179,N3267J,BCS3
7180,N218BZ,BCS3
7181,N546UW,A321
7182,C-GKXS,E295
7183,N288CA,P212
7184,TC-LLR,B789
7185,N997AA,A321
7186,N554FX,CL30
7187,XA-VXT,A21N
7188,SU-GDM,B77W
7189,N470QS,GLF4
7190,N795CK,B77L
7191,A6-XWI,A35K
7192,N642RW,E170
7193,N3275J,BCS3
7194,N3272J,BCS3
7195,N3743H,B738
7196,N2060J,A21N
7197,EC-OLE,A21N
7198,N447AN,A21N
7199,C-FXWJ,B38M
7200,LN-RKM,A333
7201,N3258J,BCS3
7202,N214BZ,BCS3
7203,F-GZNK,B77W
7204,N701VL,B737
7205,N438DX,A339
7206,N437DX,A339
7207,N809AK,B38M
7208,4X-ECE,B772
7209,N439DX,A339
7210,N217JC,B737
7211,A6-EUM,A388
7212,N805AN,B788
7213,OH-LWK,A359
7214,XXB,E55P
7215,N47370,B38M
7216,N812UP,B38M
7217,N390UP,B763
7218,B-18779,B77L
7219,N2059J,A21N
7220,A7-CGU,GLF6
7221,N545UW,A321
7222,N702VL,B737
7223,N8955Q,B38M
7224,N133CA,P212
7225,TC-LME,B789
7226,A9C-FG,B789
7227,XA-VBM,A21N
7228,A6-XWE,A35K
7229,EC-ONR,A21N
7230,C-FULJ,B38M
7231,G-ZBLL,B78X
7232,N256BZ,BCS3
7233,N330NB,A319
7234,N905NN,B738
7235,N958WN,B737
7236,C-FDUY,BCS3
7237,CS-TXL,A21N
7238,N434DX,A339
7239,B-KQW,B77W
7240,N8981Q,B38M
7241,N595DT,A21N
7242,N669FR,A21N
7243,N107DU,BCS1
7244,N195UW,A321
7245,N672FR,A21N
7246,N574FX,CL35
7247,N8974K,B38M
7248,N672FX,GLF6
7249,N185UW,A321
7250,N667FR,A21N
7251,A6-XWH,A35K
7252,N47282,B38M
7253,N333DU,BCS3
7254,C-GKQQ,E295
7255,OO-SFQ,A333
7256,N183UW,A321
7257,F-GSQE,B77W
7258,N8958Q,B38M
7259,N696NK,A320
7260,N461QS,GLF4
7261,A6-EEW,A388
7262,N648RW,E170
7263,N287FE,B763
7264,N598DN,A21N
7265,N37371,B38M
7266,N562UW,A321
7267,N722CA,P212
7268,N311UN,B38M
7269,N913UP,B763
7270,N257BZ,BCS3
7271,N856SY,B738
7272,N154AA,A321
7273,JA10WJ,A35K
7274,N980UY,A321
7275,5Y-KZC,B788
7276,N734AL,B39M
7277,XA-SRJ,B38M
7278,PH-BKQ,B78X
7279,N302US,B38M
7280,N694NK,A320
7281,C-GMZR,BCS3
7282,N903AA,A321
7283,N590DT,A21N
7284,C-FMSX,A320
7285,N649NK,A320
7286,PH-BKP,B78X
7287,N210WN,B737
7288,N806AA,B788
7289,SP-LSC,B789
7290,N459FX,GLF4
7291,N452CK,LJ45
7292,VP-BMG,B77L
7293,N3260J,BCS3
7294,N774CK,B77L
7295,N483FX,GLF4
7296,N950RA,FA50
7297,N235RB,PC12
7298,N1361A,B763
7299,N703VL,B737
7300,N329UP,B763
7301,N611FX,E550
7302,N346FX,E55P
7303,N8972S,B38M
7304,N849FD,B77L
7305,N112US,A320
7306,A6-EEX,A388
7307,N8977G,B38M
7308,N324FX,E545
7309,N8992L,B38M
7310,N306FX,E55P
7311,N659FX,GLF6
7312,N100FX,GA7C
7313,N865GT,B748
7314,XXB,GLF4
7315,N434TW,PC12
7316,N950AV,A320
7317,N914FD,B752
7318,A6-XWJ,A35K
7319,N897AK,B38M
7320,A7-CHF,GA7C
7321,N670FR,A21N
7322,CC-BHF,A20N
7323,N353AZ,B763
7324,N929AA,A321
7325,N310UM,B38M
7326,N701FR,A321
7327,N967FD,B752
7328,N890CA,C402
7329,N174US,A321
7330,N2016J,A21N
7331,N597DT,A21N
7332,VQ-BLW,E75S
7333,N8979L,B38M
7334,N253BZ,BCS3
7335,N673FR,A21N
7336,N425AN,A21N
7337,A6-XWF,A35K
7338,B-2021,B77W
7339,C-FNVV,A320
7340,N771CK,B77W
7341,N435DX,A339
7342,N248WN,B737
7343,N62883,B739
7344,N850AN,B789
7345,N160FE,B763
7346,OH-LWE,A359
7347,TC-LLK,B789
7348,N721YX,E75L
7349,C-FHMO,BCS3
7350,N144AN,A321
7351,N552UW,A321
7352,N949CA,P212
7353,LX-VCJ,B748
7354,N537UW,A321
7355,N559UW,A321
7356,N161UP,A306
7357,N136AN,A321
7358,A6-XWB,A35K
7359,C-GYLQ,BCS3
7360,EC-OIL,A21N
7361,N8953Q,B38M
7362,EI-IFE,A359
7363,N851MK,B789
7364,D-AALF,B77L
7365,CC-BHG,A20N
7366,N955XV,A21N
7367,N122NN,A321
7368,N199UW,A321
7369,N697DL,B752
7370,N705VL,B737
7371,N509AY,A321
7372,N308UK,B38M
7373,N663DN,B752
7374,A9C-FJ,B789
7375,N934AA,A321
7376,N8761L,B38M
7377,N8978G,B38M
7378,A6-XWG,A35K
7379,N531AS,B738
7380,N105DU,BCS1
7381,N733AL,B39M
7382,N247WN,B737
7383,N322AP,CL60
7384,C-GYLY,BCS3
7385,N178FE,B763
7386,PH-BKR,B78X
7387,N846AN,B789
7388,N249FE,B763
7389,B-2007,B77W
7390,TC-LLB,B789
7391,HK-5390,A20N
7392,N150NN,A321
7393,N8973S,B38M
7394,N3269J,BCS3
7395,N473UP,B752
7396,N197UW,A321
7397,TC-LLG,B789
7398,XA-VXJ,A21N
7399,D-AIVE,A359
7400,N596DT,A21N
7401,N779YX,E75L
7402,N843AN,B789
7403,N181UW,A321
7404,B-18001,B77W
7405,9H-ALC,A332
7406,N440UP,B752
7407,N579UW,A321
7408,N155NN,A321
7409,N907AA,A321
7410,N649GT,B763
7411,A9C-FI,B789
7412,N161UW,A321
7413,N7827A,B737
7414,N165US,A321
7415,N847MF,B789
7416,A7-CGG,GLF6
7417,CC-BHE,A20N
7418,D-AALQ,B77L
7419,N8954Q,B38M
7420,N429UP,B752
7421,N8980Q,B38M
7422,C-GKYS,E295
7423,N8967Q,B38M
7424,N462AA,A21N
7425,N148AN,A321
7426,N706VL,B737
7427,N17373,B38M
7428,C-GGWJ,B737
7429,N468AN,A21N
7430,N575DN,A21N
7431,N335DU,BCS3
7432,N543UW,A321
7433,PH-BVC,B77W
7434,N809AA,B788
7435,N849AN,B789
7436,EC-OHY,A332
7437,N312UP,B763
7438,N568UW,A321
7439,N8975K,B38M
7440,N135NN,A321
7441,N179UW,A321
7442,N786FD,B752
7443,N8983Q,B38M
7444,N315UU,B38M
7445,VP-BMU,B77L
7446,TC-LLC,B789
7447,A6-XWC,A35K
7448,N213WN,B737
7449,C-GKQX,E295
7450,N335NB,A319
7451,N842AA,B789
7452,TC-LJU,B77L
7453,HK-5408,A320
7454,N906AA,A321
7455,N169UW,A321
7456,N922US,A321
7457,N254BZ,BCS3
7458,N979UY,A321
7459,N37305,B38M
7460,N413FR,A20N
7461,XA-AMP,B38M
7462,EC-OQG,A21N
7463,C-GWAZ,B737
7464,N845MD,B789
7465,EI-XLT,A21N
7466,OH-LWA,A359
7467,CC-BHC,A20N
7468,N8982S,B38M
7469,N133AN,A321
7470,N161AA,A321
7471,N3280J,BCS3
7472,N8976K,B38M
7473,N958XV,A21N
7474,N8960L,B38M
7475,N988AL,A321
7476,N140AN,A321
7477,C-GNBN,BCS3
7478,N431AS,B739
7479,EC-OQH,A21N
7480,N844MC,B789
7481,N928FD,B752
7482,N184US,A321
7483,N457AS,B739
7484,A6-EUG,A388
7485,N707VL,B737
7486,N313UR,B38M
7487,C-FQGG,B38M
7488,B-227G,B77L
7489,N876AL,B788
7490,N334UP,B763
7491,HK-5425,A320
7492,HP-9913CMP,B39M
7493,N406UP,B752
7494,N176UW,A321
7495,N8969S,B38M
7496,N409FR,A20N
7497,N436DX,A339
7498,N816AK,B38M
7499,N848AN,B789
7500,N811AB,B788
7501,N8971L,B38M
7502,N143AN,A321
7503,N427FX,E545
7504,N456AN,A21N
7505,N189UW,A321
7506,N8966S,B38M
7507,N8957Q,B38M
7508,A9C-FH,B789
7509,N382FX,E55P
7510,C-GKYI,E295
7511,N263FX,E545
7512,C-GKQN,E295
7513,N994AN,A321
7514,N142AN,A321
7515,N692NK,A320
7516,N141NN,A321
7517,TC-LLN,B789
7518,N316UV,B38M
7519,N833SY,B738
7520,N158AN,A321
7521,B-2023,B77W
7522,N376CA,CRJ7
7523,XA-VBW,A321
7524,N454PA,B744
7525,N126AN,A321
7526,N783FD,B752
7527,N409FX,E545
7528,N337FX,E545
7529,N2102J,A21N
7530,N8970Q,B38M
7531,N950XV,A21N
7532,N357CK,LJ35
7533,N443WN,B737
7534,N813AN,B788
7535,D-AALW,B77L
7536,F-GZCK,A332
7537,N485MC,B744
7538,N761CK,B763
7539,OE-ILC,B744
7540,YR-KID,A332
7541,B-2094,B77L
7542,B-2093,B77L
7543,G-CKWD,B789
7544,EC-NEN,A332
7545,N409MC,B744
7546,N776CK,B77L
7547,B-2097,B77L
7548,B-2095,B77L
7549,G-CKWS,B789
7550,B-2092,B77L
7551,XXB,320
7552,G-CKWN,B789
7553,N328FX,E545
7554,N7746C,B737
7555,N157FE,B763
7556,N993AT,B712
7557,N7728D,B737
7558,N615UX,E75L
7559,B-2091,B77L
7560,B-5428,B738
7561,EC-ODA,A332
7562,N951WN,B737
7563,N8795L,B38M
7564,N611UX,E75L
7565,N85379,E75L
7566,N616UX,E75L
7567,N103SY,E75L
7568,N426WN,B737
7569,OE-IFK,B744
7570,N606UX,E75L
7571,N653FX,GLF6
7572,N538GJ,CRJ7
7573,N617UX,E75L
7574,N443FX,E545
7575,N240JQ,E75L
7576,CS-TKH,A339
7577,N612UX,E75L
7578,G-CKWP,B789
7579,D-ATON,FA7X
7580,N668CA,CRJ7
7581,N775CK,B77L
7582,N4888U,A319
7583,XXB,CRJ2
7584,XXB,GJ6
7585,N471UA,A320
7586,N73CK,LJ35
7587,N565FX,CL35
7588,EC-ODB,A332
7589,N336FX,E545
7590,N510FX,CL35
7591,N587FX,CL35
7592,N939AT,B712
7593,N510FX,CL30
7594,EC-MII,A333
7595,N981UY,A321
7596,N637QS,C68A
7597,N772CK,B77L
7598,4X-ICA,B744
7599,4X-ICK,B744
7600,B-223T,B77L
7601,N492MC,B744
7602,N347NB,A319
7603,XXB,223
7604,B-2096,B77L
7605,N544FX,CL35
7606,XXB,CL30
7607,OE-IFD,B744
7608,LX-YCV,B744
7609,N760GT,B77L
7610,N499MC,B744
7611,B-LJC,B748
7612,SP-LRF,B788
7613,XXB,BLCF
7614,N453PA,B744
7615,EC-NRH,A332
7616,PH-AKD,A333
7617,XXB,BE20
7618,N57439,B739
7619,C-FCZF,A320
7620,N260UP,MD11
7621,XXB,CL60
7622,N542VL,A21N
7623,N251UP,MD11
7624,TC-LLU,B789
7625,EC-NRG,A332
7626,N467FX,GLF4
7627,N540FX,CL30
7628,N256WB,CL30
7629,N191UW,A321
7630,XXB,C680
7631,D-ALFH,B77L
7632,XXB,GLF5
7633,N812VL,B738
7634,C-GEPF,B38M
7635,XXB,LJ35
7636,N43GX,GL5T
7637,N572FE,MD11
7638,N466FX,GLF4
7639,OE-LBU,A320
7640,D-AALH,B772
7641,N770QS,CL30
7642,D-ALFG,B77L
7643,N715JB,BCS3
7644,N384FX,E55P
7645,N439FX,E545
7646,N598FX,CL30
7647,N411YX,E75L
7648,N360FX,E55P
7649,N647QS,C56X
7650,N73256,B39M
7651,N946AT,B752
7652,N722YX,E170
7653,N37456,B739
7654,N870CK,LJ35
7655,N475WN,B38M
7656,N402YX,E170
7657,N439YX,E170
7658,N622QS,C68A
7659,N77544,B39M
7660,N421YX,E170
7661,N424YX,E170
7662,N825AW,B38M
7663,N138HQ,E170
7664,N561FX,CL30
7665,N193DN,BCS1
7666,N345FX,E545
7667,G-VYGK,A332
7668,N423YX,E170
7669,N114HQ,E170
7670,B-221S,B777
7671,N339FX,E545
7672,N133DU,A359
7673,C-FEJF,CRJ9
7674,N809VL,B738
7675,EC-MII,A339
7676,D-AALC,B772
7677,D-AALK,B772
7678,ARG-01,B752
7679,OD-MEE,A332
7680,LX-ECV,B744
7681,N196CA,C402
7682,CS-WFP,A333
7683,D-ALMA,A332
7684,9Y-TTL,B738
7685,EC-OJL,B772
7686,N858GT,B748
7687,B-2010,B77L
7688,N650DW,CL60
7689,N316TV,B06
7690,CS-TCF,A339
7691,XXB,A319
7692,XXB,C56X
7693,D-ARIE,FA7X
7694,N857GT,B748
7695,OE-IFB,B744
7696,N249BA,BLCF
7697,XXB,E175
7698,OE-IFM,B744
7699,N452UP,B752
7700,XXB,CRJ7
7701,N575UW,A321
7702,N554UW,A321
7703,EI-MAZ,A333
7704,B-2423,B744
7705,XXB,77W
7706,RP-C7779,B77W
7707,N833SK,CRJ9
7708,9H-SUN,A343
7709,N693NK,A320
7710,OE-LPE,B772
7711,D-AERB,B77L
7712,CS-TCE,A332
7713,B-225C,B77L
7714,CS-TST,B763
7715,N788YX,E75L
7716,TF-IAA,A21N
7717,C-GOCD,B738
7718,N516FR,SB20
7719,N334PM,C56X
7720,N785YX,E75L
